abandonar,tr,0,0
abanicar,tr,0,0
abaratar,tr,0,0
abarcar,tr,0,0
abastecer,tr,0,0
abatatar,tr,0,0
abatir,tr,0,0
abdicar,0,0,intr
ablandar,tr,0,0
abochornar,tr,0,0
abollar,tr,0,0
abominar,tr,0,0
abortar,0,0,intr
abrazar,tr,0,intr
abrevar,tr,0,0
abreviar,tr,0,0
abrigar,tr,0,0
abrir,tr,di,intr
absorber,tr,0,0
abultar,tr,0,0
abundar,0,0,intr
aburrir,tr,0,0
acabar,tr,0,intr
acallar,tr,0,0
acariciar,tr,0,0
acarrear,tr,0,0
acatar,tr,0,0
acceder,0,0,intr
acechar,tr,0,0
acelerar,tr,0,0
aceptar,tr,0,0
acercar,tr,di,intr
acertar,0,0,intr
achatar,tr,0,0
achicar,tr,0,0
acibarar,tr,0,0
acicalar,tr,0,0
aclarar,tr,0,0
acobardar,tr,0,0
acoger,tr,0,intr
acometer,tr,0,0
acomodar,tr,0,0
acompañar,tr,0,0
acontecer,0,0,intr
acortar,tr,0,intr
acostar,tr,0,intr
acostumbrar,tr,0,0
acrecentar,tr,0,0
actuar,0,0,intr
acuchillar,tr,0,0
acudir,0,0,intr
acumular,tr,0,0
acunar,tr,0,0
acurrucar,0,0,0
adelantar,tr,0,intr
adelgazar,tr,0,0
adherir,tr,0,intr
adiestrar,tr,0,0
adivinar,tr,0,0
admirar,tr,0,intr
admitir,tr,0,0
adobar,tr,0,0
adoctrinar,tr,0,0
adormecer,tr,0,0
adornar,tr,0,0
adquirir,tr,0,0
adular,tr,0,0
advertir,tr,0,0
afilar,tr,0,0
afinar,tr,0,0
afligir,tr,0,0
aflojar,tr,0,0
agarrar,tr,0,intr
agasajar,tr,0,0
agitar,tr,0,0
agonizar,0,0,intr
agotar,tr,0,0
agrandar,tr,0,0
agravar,tr,0,0
agraviar,tr,0,0
agregar,tr,0,0
agriar,tr,0,0
agrietar,tr,0,0
agrupar,tr,0,0
aguantar,tr,0,intr
agujerear,tr,0,0
ahogar,tr,0,0
ahondar,tr,0,intr
ahorcar,tr,0,0
ahorrar,tr,0,0
ahuecar,tr,0,0
ahumar,tr,0,0
ahuyentar,tr,0,0
airear,tr,0,0
ajar,0,0,0
alabar,tr,0,0
alargar,tr,0,0
albergar,tr,0,0
alborotar,tr,0,0
alcanzar,tr,0,0
alegrar,tr,0,intr
alejar,tr,0,0
aletear,tr,0,0
alimentar,tr,0,0
alisar,0,0,0
alistar,tr,0,0
alivianar,tr,0,0
aliviar,tr,0,0
almorzar,0,0,intr
alojar,tr,0,intr
alternar,tr,0,0
alumbrar,tr,0,0
alzar,tr,0,intr
amamantar,tr,0,0
amanecer,0,0,intr
amansar,tr,0,0
amargar,tr,0,0
amarrar,tr,0,0
amasar,tr,0,0
ambicionar,tr,0,0
amedrentar,tr,0,0
amonestar,tr,0,0
amontonar,tr,0,0
amordazar,tr,0,0
ampliar,tr,0,0
ampollar,0,0,0
andar,tr,0,0
anegar,tr,0,0
anexar,tr,0,0
anhelar,tr,0,0
anidar,tr,0,0
animar,tr,0,0
anochecer,tr,0,0
anudar,tr,0,0
anular,0,0,0
anunciar,tr,0,0
apaciguar,tr,0,0
apagar,tr,0,0
apalabrar,tr,0,0
aparecer,tr,0,0
aparentar,tr,0,0
apartar,tr,0,0
apasionar,tr,0,0
apear,tr,0,0
apenar,tr,0,0
apercibir,tr,0,0
apestar,tr,0,0
apetecer,tr,0,0
apilar,tr,0,0
apisonar,tr,0,0
apiñar,tr,0,0
aplanar,tr,0,0
aplastar,tr,0,0
aplaudir,tr,0,0
aplazar,tr,0,0
apocopar,tr,0,0
apodar,tr,0,0
aporcar,tr,0,0
apostar,tr,0,0
apoyar,tr,0,0
apreciar,tr,0,0
aprehender,tr,0,0
apremiar,tr,0,0
aprender,tr,0,0
apresar,tr,0,0
apresurar,tr,0,0
apretar,tr,0,0
aprobar,tr,0,0
aproximar,tr,0,0
apuntalar,tr,0,0
apurar,tr,0,0
apuñalar,tr,0,0
arar,0,0,0
arañar,tr,0,0
archivar,tr,0,0
arengar,tr,0,0
arquear,tr,0,0
arrancar,tr,0,0
arrastrar,tr,0,0
arrebatar,tr,0,0
arreglar,tr,0,0
arremeter,tr,0,0
arriar,tr,0,0
arribar,tr,0,0
arrimar,tr,0,0
arrinconar,tr,0,0
arrodillar,tr,0,0
arrojar,tr,0,0
arrollar,tr,0,0
arropar,tr,0,0
arrugar,tr,0,0
arrullar,tr,0,0
asar,tr,0,0
ascender,tr,0,0
asear,tr,0,0
asegurar,tr,0,0
asentar,tr,0,0
asentir,tr,0,0
aserrar,tr,0,0
asesinar,tr,0,0
asesorar,tr,0,0
asfixiar,tr,0,0
asir,tr,0,0
asociar,tr,0,0
asomar,tr,0,0
aspirar,tr,0,0
asquear,tr,0,0
asustar,tr,0,0
atacar,tr,0,0
atajar,tr,0,0
atar,tr,0,0
atascar,tr,0,0
atemorizar,tr,0,0
atender,tr,0,0
atenuar,tr,0,0
aterrizar,tr,0,0
atestar,tr,0,0
atisbar,tr,0,0
atontar,tr,0,0
atorar,tr,0,0
atormentar,tr,0,0
atraer,tr,0,0
atrapar,tr,0,0
atrasar,tr,0,0
atronar,tr,0,0
aturdir,tr,0,0
augurar,tr,0,0
aullar,tr,0,0
aumentar,tr,0,0
autenticar,tr,0,0
aventajar,tr,0,0
aventar,tr,0,0
avergonzar,tr,0,0
averiguar,tr,0,0
avisar,tr,0,0
avivar,tr,0,0
ayudar,tr,0,0
ayunar,tr,0,0
azotar,tr,0,0
azuzar,tr,0,0
añadir,tr,0,0
añejar,tr,0,0
añorar,tr,0,0
bailar,tr,0,0
bajar,tr,0,intr
balancear,tr,0,0
balbucear,tr,0,0
barbotar,tr,0,0
barrer,tr,0,0
batir,tr,0,0
bautizar,tr,0,0
bañar,tr,0,0
beber,tr,0,0
bendecir,tr,0,0
beneficiar,tr,0,intr
blanquear,tr,0,0
borbotar,tr,0,0
borbotear,tr,0,0
borrar,tr,0,0
bostezar,0,0,intr
boyar,tr,0,0
bracear,0,0,intr
bramar,tr,0,0
brillar,0,0,intr
brincar,0,0,intr
bromear,tr,0,intr
bufar,tr,0,0
bullir,tr,0,0
burbujear,tr,0,0
burlar,tr,0,intr
buscar,tr,0,0
cabecear,tr,0,intr
caber,tr,0,0
cabriolar,tr,0,0
cacarear,tr,0,0
caer,0,0,intr
cagar,0,0,intr
calcular,tr,0,0
calentar,tr,0,0
callar,tr,0,intr
calmar,tr,0,0
calumniar,0,di,0
cambiar,tr,0,intr
caminar,0,0,intr
canjear,tr,0,0
cansar,tr,0,0
cantar,tr,0,0
capacitar,tr,0,0
captar,tr,0,0
capturar,tr,0,0
carcomer,tr,0,0
cardar,tr,0,0
carear,tr,0,0
cargar,tr,0,intr
casar,tr,0,0
castellanizar,tr,0,0
castigar,tr,0,0
causar,tr,di,0
cautivar,tr,0,0
cavar,tr,0,0
cazar,tr,0,0
cebar,0,0,intr
cecear,tr,0,0
ceder,0,di,intr
cegar,tr,0,0
celebrar,tr,0,0
cenar,0,0,intr
centellear,tr,0,0
centrar,tr,0,0
cernir,tr,0,0
cerrar,tr,0,0
cesar,tr,0,0
chapuzar,tr,0,0
charlar,0,0,intr
chicotear,tr,0,0
chillar,0,0,intr
chirriar,0,0,intr
chispear,tr,0,0
chisporrotear,0,0,intr
chocar,0,0,intr
chorrear,tr,0,0
chupar,tr,0,0
circular,0,0,intr
circuncidar,tr,0,0
circundar,tr,0,0
clarificar,tr,0,0
clausurar,tr,0,0
clavar,tr,0,0
cobijar,tr,0,intr
cocear,tr,0,0
cocer,0,0,intr
cocinar,tr,0,0
codiciar,tr,0,0
coger,tr,0,0
cohabitar,0,0,intr
coincidir,0,0,intr
colaborar,0,0,intr
colar,tr,0,0
colgar,tr,0,0
colmar,tr,0,0
colocar,tr,di,0
colorear,tr,0,0
columpiar,tr,0,0
combar,tr,0,0
comenzar,tr,0,intr
comer,tr,0,0
comerciar,tr,0,0
compadecer,tr,0,0
comparar,tr,0,0
completar,tr,0,0
complicar,tr,0,0
componer,tr,0,intr
comprar,tr,0,0
comprender,tr,0,0
comprometer,tr,0,intr
computar,tr,0,0
comunicar,tr,di,intr
conceder,tr,di,0
concluir,tr,0,intr
concurrir,0,0,intr
condensar,tr,0,0
condimentar,tr,0,0
conducir,tr,0,intr
confeccionar,tr,0,0
confesar,tr,di,0
confiar,0,di,intr
confirmar,tr,0,0
confundir,tr,0,intr
congelar,tr,0,0
congratular,tr,0,intr
conocer,tr,0,0
conseguir,tr,0,0
consentir,tr,0,0
conservar,tr,0,0
consolar,tr,0,0
construir,tr,0,0
contagiar,tr,0,0
contaminar,tr,0,0
contar,tr,0,intr
contemplar,tr,0,0
contestar,tr,0,0
contradecir,tr,0,0
conversar,0,0,intr
convertir,tr,0,intr
convidar,tr,0,0
cooperar,0,0,intr
corcovear,tr,0,0
corregir,tr,0,0
correr,tr,0,intr
corromper,tr,0,0
cortar,tr,0,intr
cortejar,tr,0,0
cosechar,tr,0,0
coser,tr,0,0
costar,tr,di,0
cotizar,tr,0,intr
crear,tr,0,0
crecer,tr,0,intr
creer,tr,0,intr
crepitar,0,0,intr
criar,tr,0,0
criticar,tr,0,0
croar,tr,0,0
crujir,0,0,intr
cruzar,tr,0,intr
cuajar,tr,0,intr
cubrir,tr,0,0
cuchichear,tr,0,0
cuidar,tr,0,intr
cultivar,tr,0,0
cumplir,tr,0,intr
curar,tr,0,0
damnificar,tr,0,0
danzar,tr,0,0
dar,tr,0,0
datar,tr,0,0
dañar,tr,0,0
debilitar,tr,0,0
debutar,0,0,intr
decapitar,tr,0,0
decir,0,di,0
decolorar,tr,0,0
deducir,tr,0,0
defecar,tr,0,0
defender,tr,0,intr
deformar,tr,0,0
defraudar,tr,di,0
degenerar,0,0,intr
degollar,tr,0,0
delatar,tr,0,0
delirar,0,0,intr
demoler,tr,0,0
demorar,tr,0,intr
denegar,0,di,0
denominar,tr,0,0
denunciar,tr,0,0
depauperar,tr,0,0
depender,0,0,intr
deplorar,tr,0,0
deportar,tr,0,0
deprimir,tr,0,0
depurar,tr,0,0
derogar,tr,0,0
derramar,tr,0,0
derretir,tr,0,0
derribar,tr,0,0
derrocar,tr,0,0
derrotar,tr,0,0
derruir,tr,0,0
derrumbar,tr,0,0
desacatar,tr,0,0
desafiar,tr,0,0
desafilar,tr,0,0
desagraviar,tr,0,0
desaguar,tr,0,0
desairar,tr,0,0
desalojar,tr,0,0
desamparar,tr,0,0
desaparecer,tr,0,intr
desarrollar,tr,0,intr
desatar,tr,0,0
desatender,tr,0,0
desayunar,0,0,intr
desbordar,tr,0,0
descabezar,tr,0,0
descansar,0,0,intr
descargar,tr,0,0
descarriar,tr,0,0
descarrilar,0,0,intr
descartar,tr,0,0
descascarar,tr,0,0
descender,tr,0,intr
descolgar,tr,0,intr
descomponer,tr,0,0
desconfiar,0,0,intr
descorazonar,tr,0,0
descorchar,tr,0,0
descortezar,tr,0,0
descoser,tr,0,0
descoyuntar,tr,0,0
descuartizar,tr,0,0
descubrir,tr,0,0
descuidar,0,0,intr
desdecir,0,0,intr
desdoblar,tr,0,0
desear,tr,0,0
desechar,tr,0,0
desembarcar,0,0,intr
desembolsar,tr,0,0
desemborrachar,tr,0,0
desembrollar,tr,0,0
desembuchar,tr,0,0
desemparejar,tr,0,0
desempatar,tr,0,0
desempolvar,tr,0,0
desencabestrar,tr,0,0
desencadenar,0,di,0
desencantar,tr,0,0
desengrasar,tr,0,0
desenlazar,0,0,intr
desenredar,tr,0,0
desenterrar,tr,0,0
desenvainar,tr,0,0
desenvolver,0,0,intr
desertar,0,0,intr
desesperar,tr,0,0
desfallecer,tr,0,0
desfibrar,tr,0,0
desfigurar,tr,0,0
desflorar,tr,0,0
desgarrar,tr,0,0
desgraciar,tr,0,0
desgranar,tr,0,0
deshacer,tr,0,intr
deshilar,tr,0,0
deslenguar,tr,0,0
desliar,tr,0,0
deslucir,tr,0,0
deslumbrar,0,0,intr
desmalezar,tr,0,0
desmejorar,tr,0,0
desmenuzar,tr,0,0
desmontar,0,di,0
desmotar,tr,0,0
desnatar,tr,0,0
desnucar,tr,0,0
desnudar,tr,0,0
desobedecer,tr,0,0
desocupar,tr,0,0
desollar,tr,0,0
desordenar,tr,0,0
desorejar,tr,0,0
desovar,tr,0,0
desparramar,tr,0,0
despechar,tr,0,0
despedazar,tr,0,0
despegar,tr,0,intr
despellejar,tr,0,0
despertar,tr,0,0
despintar,tr,0,0
despiojar,tr,0,0
desplegar,tr,0,0
despojar,tr,0,0
despotricar,0,0,intr
despreciar,tr,0,0
despuntar,0,0,intr
destapar,tr,0,0
desterrar,tr,0,0
destetar,tr,0,0
desteñir,tr,0,0
destilar,tr,0,0
destituir,tr,0,0
destripar,tr,0,0
destruir,tr,0,0
desunir,tr,0,0
desvainar,tr,0,0
desvariar,tr,0,0
desvelar,tr,0,0
desvestir,0,0,intr
desviar,tr,0,0
desvirgar,tr,0,0
detener,tr,0,intr
deteriorar,tr,0,0
detonar,tr,0,0
devolver,0,di,0
devorar,tr,0,0
dibujar,tr,0,0
difamar,tr,0,0
diferenciar,tr,0,intr
diferir,0,0,intr
dificultar,tr,0,0
difundir,tr,0,0
dignificar,tr,0,0
dilapidar,tr,0,0
dilatar,tr,0,0
diluir,tr,0,0
dirigir,tr,di,intr
disculpar,tr,0,0
discursear,tr,0,0
discutir,tr,0,intr
disecar,tr,0,0
diseminar,tr,0,0
disentir,tr,0,0
disgustar,tr,0,0
disimular,tr,0,0
disipar,tr,0,0
dislocar,tr,0,0
disminuir,tr,0,0
disolver,tr,0,0
disparar,tr,0,intr
disparatar,tr,0,0
disponer,tr,0,intr
disputar,tr,0,0
distar,0,0,intr
distinguir,tr,0,0
divertir,tr,0,0
dividir,tr,0,0
divulgar,tr,0,0
doblar,tr,0,0
doler,tr,0,0
domar,tr,0,0
domesticar,tr,0,0
dominar,tr,0,0
dorar,tr,0,0
dormir,tr,0,intr
dormitar,tr,0,0
dudar,0,0,intr
duplicar,tr,0,0
durar,tr,0,0
echar,tr,0,intr
economizar,tr,0,0
edificar,tr,0,0
educar,tr,0,0
efectuar,tr,0,0
ejecutar,tr,0,0
elegir,tr,0,0
elevar,tr,0,0
eliminar,tr,0,0
elogiar,tr,0,0
eludir,tr,0,0
emanar,tr,0,0
emancipar,tr,0,0
embadurnar,tr,0,0
embalar,tr,0,0
embanderar,tr,0,0
embarazar,tr,0,0
embarrar,tr,0,0
embarullar,tr,0,0
embaucar,tr,0,0
embaular,tr,0,0
embeber,tr,0,0
embelesar,tr,0,0
embellecer,tr,0,0
embestir,tr,0,0
embobar,tr,0,0
embolsar,tr,0,0
emborrachar,tr,0,0
emboscar,tr,0,0
embotar,tr,0,0
embotellar,tr,0,0
embravecer,tr,0,0
embriagar,tr,0,0
embrujar,tr,0,0
embutir,tr,0,0
emocionar,tr,0,0
empachar,tr,0,0
empapar,tr,0,0
empaquetar,tr,0,0
emparejar,tr,0,0
empatar,tr,0,0
empeorar,tr,0,0
empequeñecer,tr,0,0
empezar,tr,0,0
emplear,tr,0,intr
emplumar,tr,0,0
empobrecer,tr,0,0
empollar,tr,0,0
empujar,tr,0,0
enaltecer,tr,0,0
enamorar,tr,0,0
enardecer,tr,0,0
encabestrar,tr,0,0
encabezar,tr,0,0
encajar,tr,0,intr
encajonar,tr,0,0
encaminar,tr,0,intr
encandilar,tr,0,0
encarcelar,tr,0,0
encariñar,tr,0,0
encender,tr,0,0
encenizar,tr,0,0
encestar,tr,0,0
encimar,tr,0,0
encoger,0,0,intr
encolar,tr,0,0
encolerizar,tr,0,0
encomendar,0,di,0
encontrar,tr,0,intr
encorvar,tr,0,0
encubrir,tr,0,0
encumbrar,tr,0,0
enderezar,tr,0,0
endiosar,tr,0,0
endulzar,tr,0,0
endurecer,tr,0,0
enemistar,tr,0,0
enfadar,tr,0,0
enfermar,tr,0,0
enflaquecer,tr,0,0
enfrentar,tr,0,intr
enfriar,tr,0,0
enfurecer,tr,0,0
engalanar,tr,0,0
engañar,tr,0,0
engendrar,tr,0,0
engomar,tr,0,0
engordar,0,0,intr
engrandecer,tr,0,0
engrasar,tr,0,0
engrillar,tr,0,0
engrosar,tr,0,0
engullir,tr,0,0
enhebrar,tr,0,0
enjugar,tr,0,0
enlazar,tr,0,intr
enmohecer,tr,0,0
enmudecer,0,0,intr
ennegrecer,tr,0,0
enojar,tr,0,0
enredar,tr,0,0
enriquecer,tr,0,0
enristrar,tr,0,0
enrojecer,tr,0,0
enrollar,tr,0,0
ensalzar,tr,0,0
ensanchar,tr,0,0
ensangrentar,tr,0,0
enseñar,tr,0,0
ensortijar,tr,0,0
ensuciar,tr,0,0
entender,tr,0,intr
enterar,0,0,intr
enternecer,tr,0,0
enterrar,tr,0,0
entontecer,tr,0,0
entornar,tr,0,0
entrar,tr,0,0
entreabrir,tr,0,0
entregar,0,di,intr
entresacar,tr,0,0
entretejer,tr,0,0
entreverar,0,0,intr
entrevistar,tr,0,intr
entristecer,tr,0,0
enturbiar,tr,0,0
entusiasmar,tr,0,0
enumerar,tr,0,0
envalentonar,tr,0,0
envasar,tr,0,0
envenenar,tr,0,0
enviar,0,di,0
envolver,tr,0,0
equiparar,tr,0,0
errar,0,0,intr
escampar,tr,0,0
escanciar,tr,0,0
escapar,tr,di,intr
escarbar,tr,0,0
escasear,0,0,intr
esclarecer,tr,0,0
escoger,tr,0,0
esconder,tr,0,intr
escribir,tr,0,0
escuchar,tr,0,0
esculpir,tr,0,0
escupir,tr,0,intr
escurrir,0,0,intr
espaciar,tr,0,0
espantar,tr,0,0
esparcir,tr,0,0
esperar,tr,0,intr
espesar,tr,0,0
espiar,tr,0,0
esponjar,tr,0,0
esposar,tr,0,0
espulgar,tr,0,0
esquivar,tr,0,0
establecer,tr,0,intr
estafar,tr,0,0
estallar,0,0,intr
estancar,tr,0,0
estar,0,0,intr
estilar,tr,0,0
estimar,tr,0,0
estimular,tr,0,0
estirar,tr,0,0
estorbar,tr,0,0
estornudar,tr,0,0
estrangular,tr,0,0
estrechar,tr,0,0
estremecer,tr,0,0
estrenar,tr,0,intr
estribar,0,0,intr
estropear,tr,0,0
estrujar,tr,0,0
estudiar,tr,0,0
eternizar,tr,0,0
evacuar,tr,0,0
evaluar,tr,0,0
evocar,tr,0,0
exaltar,tr,0,intr
existir,0,0,intr
expeler,tr,0,0
expirar,0,0,intr
explicar,0,di,0
explotar,tr,0,intr
expresar,0,di,intr
exprimir,tr,0,0
expulsar,tr,0,0
extender,tr,0,intr
exterminar,tr,0,0
extirpar,tr,0,0
extraer,tr,0,0
extraviar,tr,0,0
exudar,tr,0,0
eyacular,tr,0,0
fabricar,tr,0,0
faenar,0,0,intr
fallar,tr,0,intr
fallecer,0,0,intr
faltar,0,0,intr
fastidiar,tr,0,0
fatigar,tr,0,0
favorecer,tr,0,0
fechar,tr,0,0
fecundar,tr,0,0
felicitar,tr,0,intr
festejar,tr,0,0
fijar,tr,0,intr
finalizar,tr,0,intr
fingir,tr,0,0
flagelar,tr,0,0
flamear,tr,0,0
flechar,tr,0,0
flexionar,tr,0,0
flirtear,tr,0,0
florear,tr,0,0
florecer,0,0,intr
flotar,0,0,intr
fluctuar,0,0,intr
fluir,0,0,intr
forcejear,0,0,intr
forjar,tr,0,0
formar,tr,0,0
fornicar,0,0,intr
forrar,tr,0,0
fortalecer,tr,0,0
forzar,tr,di,0
fracasar,tr,0,intr
fraccionar,tr,0,0
fracturar,tr,0,0
fraguar,tr,0,0
fraternizar,tr,0,0
fregar,tr,0,0
frenar,tr,0,0
freír,tr,0,0
friccionar,tr,0,0
frotar,tr,0,0
fruncir,tr,0,0
fumar,tr,0,0
funcionar,0,0,intr
fundir,tr,0,0
galantear,tr,0,0
gambetear,tr,0,0
ganguear,tr,0,0
gemir,0,0,intr
generalizar,tr,0,0
girar,tr,0,intr
glorificar,tr,0,0
gobernar,tr,0,0
golpear,tr,0,0
gotear,0,0,intr
gozar,tr,0,intr
grabar,tr,0,0
gritar,0,di,intr
gruñir,tr,0,0
guardar,tr,0,0
guarecer,tr,0,0
guerrear,tr,0,0
guiar,tr,0,0
guisar,tr,0,0
guiñar,tr,0,0
gustar,tr,0,intr
haber,tr,0,0
habitar,tr,0,intr
habituar,tr,0,0
hablar,tr,0,intr
hacer,tr,di,intr
halagar,tr,0,0
hallar,tr,0,intr
haraganear,tr,0,0
hartar,tr,0,0
hechizar,tr,0,0
heder,tr,0,0
herir,tr,0,0
hermosear,tr,0,0
hervir,tr,0,0
hilar,tr,0,0
hincar,0,di,0
hinchar,tr,0,intr
hipar,tr,0,0
hojear,tr,0,0
honrar,tr,0,0
horadar,tr,0,0
hormiguear,tr,0,0
hospedar,0,0,intr
hostigar,tr,0,0
huir,0,0,intr
humanizar,tr,0,0
humear,tr,0,0
humedecer,tr,0,0
humillar,tr,0,0
hundir,tr,0,intr
hurgar,0,0,intr
hurtar,tr,0,0
igualar,tr,0,0
iluminar,tr,0,0
ilustrar,tr,0,0
impacientar,tr,0,0
implorar,tr,0,0
importunar,tr,0,0
imposibilitar,tr,0,0
impresionar,tr,0,0
impugnar,tr,0,0
impulsar,tr,0,0
incendiar,tr,0,0
incinerar,tr,0,0
inclinar,tr,0,intr
incluir,tr,0,0
incomodar,tr,0,0
incomunicar,tr,0,0
incorporar,tr,0,0
incrementar,tr,0,0
increpar,tr,0,0
indagar,tr,0,0
indigestar,0,0,0
infestar,tr,0,0
inflamar,0,0,intr
inflar,tr,0,0
informar,tr,0,0
ingerir,tr,0,0
ingresar,tr,0,intr
iniciar,tr,0,intr
injuriar,tr,0,0
innovar,0,0,intr
inquietar,tr,0,0
inquirir,0,di,0
insinuar,0,di,intr
insistir,tr,0,intr
instigar,tr,0,0
instruir,tr,0,0
insultar,tr,0,0
intentar,tr,0,0
intercalar,tr,0,0
intercambiar,tr,0,0
interceder,tr,0,0
interceptar,tr,0,0
interrogar,tr,0,0
intervenir,tr,0,intr
intimar,tr,0,0
intoxicar,tr,0,0
intranquilizar,tr,0,0
introducir,tr,0,intr
invadir,tr,0,0
inventar,tr,0,0
invertir,tr,0,0
investigar,tr,0,intr
invitar,tr,0,0
inyectar,tr,0,0
ir,0,0,intr
irrigar,tr,0,0
irritar,tr,0,0
irrumpir,0,0,intr
jadear,0,0,intr
jalonar,tr,0,0
jugar,tr,0,intr
juguetear,tr,0,0
juntar,tr,0,0
jurar,tr,0,0
justipreciar,tr,0,0
labrar,tr,0,0
lacerar,tr,0,0
lactar,tr,0,0
ladear,tr,0,0
ladrar,0,0,intr
lamentar,tr,0,intr
lamer,tr,0,0
lanzar,tr,0,intr
lapidar,tr,0,0
largar,tr,0,0
lastimar,tr,0,0
latir,tr,0,0
lavar,tr,0,0
leer,tr,0,intr
levantar,tr,0,intr
liar,0,0,intr
libar,tr,0,0
liberar,tr,0,0
librar,tr,0,0
licuar,tr,0,0
ligar,tr,0,intr
lijar,tr,0,0
limar,tr,0,0
limitar,tr,0,intr
limpiar,0,di,0
liquidar,tr,0,0
lisiar,tr,0,0
lisonjear,tr,0,0
litigar,tr,0,0
llagar,tr,0,0
llegar,0,0,intr
llenar,tr,0,0
llevar,tr,0,intr
llorar,0,0,intr
lloriquear,tr,0,0
llover,0,di,intr
lloviznar,tr,0,0
lubricar,tr,0,0
luchar,0,0,intr
lucir,tr,0,intr
lustrar,tr,0,0
machacar,tr,0,0
machucar,tr,0,0
madurar,0,0,intr
magnificar,tr,0,0
maldecir,tr,0,0
maleficiar,tr,0,0
malgastar,tr,0,0
malograr,tr,0,0
maltratar,tr,0,0
mamar,tr,0,0
manar,tr,0,0
manchar,tr,0,0
mancillar,tr,0,0
mandar,tr,di,0
manear,tr,0,0
manejar,tr,0,0
maniatar,tr,0,0
manifestar,0,di,intr
manosear,tr,0,0
mantener,tr,0,intr
marcar,tr,0,0
marchitar,0,0,intr
marear,tr,0,0
marginar,tr,0,0
martirizar,tr,0,0
mascar,tr,0,0
mascullar,tr,0,0
masticar,tr,0,0
matar,tr,0,0
matear,tr,0,0
mear,tr,0,0
mecer,tr,0,0
medicar,tr,0,0
meditar,tr,0,intr
mejorar,tr,0,0
mellar,tr,0,0
memorar,tr,0,0
mencionar,tr,0,0
menear,tr,0,0
menoscabar,tr,0,0
menospreciar,tr,0,0
mentir,tr,0,0
mermar,tr,0,0
meter,tr,di,intr
mezclar,tr,0,0
migrar,0,0,intr
mimar,tr,0,0
mirar,tr,0,intr
mitigar,tr,0,0
modelar,tr,0,0
moderar,tr,0,0
modificar,tr,0,0
mojar,tr,0,0
moler,tr,0,0
molestar,tr,0,intr
mondar,tr,0,0
morar,0,0,intr
morder,tr,0,0
mordisquear,tr,0,0
morir,tr,0,intr
motejar,tr,0,0
mover,tr,0,intr
movilizar,tr,0,intr
mudar,tr,0,intr
mugir,tr,0,0
multiplicar,tr,0,intr
murmurar,tr,0,0
nacer,tr,0,0
nacionalizar,tr,0,0
nadar,0,0,intr
narcotizar,tr,0,0
narrar,0,di,0
nasalizar,tr,0,0
naufragar,0,0,intr
necesitar,tr,0,intr
negar,tr,0,intr
negociar,tr,0,0
nombrar,tr,0,0
notificar,0,di,0
nutrir,tr,0,0
obedecer,tr,0,intr
objetar,tr,0,0
obligar,tr,0,0
obrar,tr,0,intr
obscurecer,0,0,0
obsequiar,0,di,0
observar,tr,0,0
obstaculizar,tr,0,0
obstar,tr,0,0
obstruir,tr,0,0
obturar,tr,0,0
ocultar,0,di,0
ocupar,tr,di,intr
ocurrir,tr,0,0
odiar,tr,0,0
ofender,tr,0,0
ofertar,tr,0,0
ofrecer,tr,di,intr
ofrendar,tr,0,0
ondear,tr,0,0
ondular,tr,0,0
operar,tr,0,0
oprimir,tr,0,0
orar,tr,0,0
ordenar,tr,0,0
ordeñar,tr,0,0
orientar,tr,0,0
originar,tr,0,0
orillar,tr,0,0
orinar,tr,0,0
ornamentar,tr,0,0
osar,0,0,0
oscilar,tr,0,0
oscurecer,tr,0,0
otorgar,tr,0,0
ovillar,tr,0,0
oxidar,tr,0,0
pacificar,tr,0,0
pactar,tr,0,0
pagar,tr,di,0
paladear,tr,0,0
paliar,tr,0,0
palidecer,tr,0,0
palmear,tr,0,0
palmotear,tr,0,0
palpar,tr,0,0
palpitar,tr,0,0
paralizar,tr,0,0
parar,tr,di,intr
parear,tr,0,0
parecer,0,0,intr
parir,tr,0,0
parlar,tr,0,0
participar,tr,0,intr
partir,0,0,intr
pasar,tr,di,intr
pasear,tr,0,intr
pasmar,tr,0,0
pastorear,tr,0,0
patalear,0,0,intr
patear,tr,0,0
patentar,tr,0,0
patinar,0,0,intr
pedir,0,di,0
peer,tr,0,0
pegar,tr,0,0
peinar,tr,0,0
pelar,tr,0,0
pelear,tr,0,intr
pellizcar,tr,0,0
penar,tr,0,0
penetrar,0,0,intr
pensar,tr,0,intr
percibir,tr,0,0
perder,tr,di,intr
perdonar,tr,di,0
perdurar,0,0,intr
perecer,0,0,intr
perfeccionar,tr,0,0
perforar,tr,0,0
perfumar,tr,0,0
pergeñar,tr,0,0
perjudicar,tr,0,0
perjurar,tr,0,0
permanecer,0,0,intr
permitir,tr,di,0
permutar,tr,0,0
pernoctar,0,0,intr
perpetuar,tr,0,0
perseguir,tr,0,0
persistir,0,0,intr
persuadir,tr,0,0
perturbar,tr,0,0
pervertir,tr,0,0
pescar,tr,0,0
pestañear,tr,0,0
petrificar,tr,0,0
picanear,tr,0,0
picar,tr,0,0
picotear,tr,0,0
pillar,tr,0,0
pinchar,tr,0,intr
pintar,tr,0,intr
pisar,tr,di,0
pisotear,tr,0,0
pitar,0,di,intr
planchar,tr,0,0
plantar,tr,0,intr
platicar,tr,0,0
plegar,0,0,intr
pleitear,tr,0,0
podar,tr,0,0
poder,tr,0,intr
ponderar,tr,0,0
poner,tr,di,intr
portar,tr,0,intr
posar,0,0,intr
poseer,tr,0,0
postergar,tr,0,0
postrar,tr,0,0
practicar,tr,0,0
preceder,tr,0,0
precisar,tr,0,intr
predecir,tr,0,0
predisponer,tr,0,0
predominar,tr,0,0
preferir,tr,0,0
pregonar,tr,0,0
preguntar,tr,di,0
premiar,tr,0,0
prender,tr,di,0
prensar,tr,0,0
preocupar,tr,0,0
preparar,tr,0,intr
presagiar,tr,0,0
prescribir,tr,0,intr
presenciar,tr,0,0
presentar,tr,di,intr
presentir,tr,0,0
preservar,tr,0,0
prestar,tr,di,intr
presumir,0,0,intr
pretender,tr,0,0
prevalecer,0,0,intr
preñar,tr,0,0
principiar,tr,0,0
privar,tr,0,intr
proceder,0,0,intr
proclamar,tr,0,0
procrear,tr,0,0
procurar,tr,0,0
producir,tr,0,intr
profanar,tr,0,0
profetizar,tr,0,0
profundizar,0,0,intr
progresar,0,0,intr
prohibir,0,di,0
prolongar,tr,0,0
prometer,tr,0,0
promover,tr,0,0
pronosticar,tr,0,0
pronunciar,tr,0,intr
propagar,0,0,intr
propalar,tr,0,0
propinar,0,di,0
proporcionar,0,di,0
propulsar,tr,0,0
prorrogar,tr,0,0
prorrumpir,tr,0,0
proseguir,tr,0,intr
prosperar,0,0,intr
proteger,tr,0,0
protestar,0,0,intr
proveer,tr,0,0
provenir,0,0,intr
provocar,tr,di,0
proyectar,tr,0,0
publicar,tr,0,0
pugnar,0,0,intr
pulir,tr,0,0
pulsar,tr,0,0
pulular,tr,0,0
pulverizar,tr,0,0
puntear,tr,0,0
punzar,tr,0,0
purificar,tr,0,0
quebrantar,tr,0,0
quebrar,tr,0,intr
quedar,0,0,intr
quemar,0,di,0
querer,tr,0,0
quitar,0,di,0
rabiar,tr,0,0
radicar,0,0,intr
rajar,tr,0,0
ralear,tr,0,0
rallar,tr,0,0
ramificar,tr,0,0
rapar,tr,0,0
rascar,tr,0,0
rasgar,tr,0,intr
rasguñar,tr,0,0
raspar,tr,0,0
rasurar,tr,0,0
rayar,tr,0,0
razonar,tr,0,0
reaccionar,tr,0,intr
realizar,tr,0,0
reanimar,tr,0,0
rebanar,tr,0,0
rebatir,tr,0,0
rebosar,tr,0,0
rebotar,0,0,intr
recalcar,tr,0,0
recelar,0,0,intr
rechazar,tr,0,0
rechinar,tr,0,0
recibir,tr,0,0
recluir,tr,0,0
recobrar,tr,0,0
recoger,tr,0,intr
recolectar,tr,0,0
recomendar,0,di,0
recompensar,tr,0,0
reconciliar,tr,0,0
reconfortar,tr,0,0
reconocer,tr,0,intr
recordar,tr,di,0
recorrer,tr,0,0
recostar,tr,0,0
recrear,tr,0,0
rectificar,tr,0,0
recubrir,tr,0,0
recular,tr,0,0
recuperar,tr,0,intr
redimir,tr,0,0
redondear,tr,0,0
reducir,tr,0,intr
reemplazar,tr,0,0
referir,tr,0,intr
refinar,tr,0,0
reflejar,tr,0,intr
reflexionar,0,0,intr
reformar,tr,0,0
reforzar,tr,0,0
refregar,tr,0,0
refrenar,tr,0,0
refrescar,tr,0,0
refunfuñar,tr,0,0
refutar,tr,0,0
regalar,0,di,0
regar,tr,0,0
regañar,tr,0,0
regir,tr,0,0
registrar,tr,0,0
reglamentar,0,0,intr
regresar,0,0,intr
regurgitar,tr,0,0
rehacer,0,0,intr
rehuir,tr,0,0
rehusar,tr,0,0
reinar,0,0,intr
relacionar,tr,0,0
relampaguear,tr,0,0
relatar,tr,0,0
relegar,tr,0,0
relevar,tr,0,0
rellenar,tr,0,0
relucir,tr,0,0
relumbrar,tr,0,0
remar,tr,0,0
rematar,tr,0,0
remediar,tr,0,0
rememorar,tr,0,0
remendar,tr,0,0
remitir,tr,0,0
remojar,tr,0,0
remolcar,tr,0,0
remontar,tr,0,0
remover,tr,0,0
remunerar,tr,0,0
rendir,tr,0,0
renovar,tr,0,0
renunciar,tr,0,0
reparar,tr,0,0
repartir,tr,0,0
repeler,tr,0,0
repetir,tr,0,0
repiquetear,tr,0,0
replicar,tr,0,0
reponer,tr,0,0
reposar,tr,0,0
reprender,tr,0,0
representar,tr,0,0
reprimir,tr,0,0
reprobar,tr,0,0
reprochar,tr,0,0
reproducir,tr,0,0
repudiar,tr,0,0
repugnar,tr,0,0
requebrar,tr,0,0
resaltar,tr,0,0
resarcir,tr,0,0
resbalar,tr,0,0
reservar,tr,0,0
resguardar,tr,0,0
residir,tr,0,0
resistir,tr,0,0
resollar,tr,0,0
resoplar,tr,0,0
respaldar,0,0,0
respetar,tr,0,0
respirar,tr,0,0
resplandecer,tr,0,0
responder,tr,0,0
restablecer,tr,0,0
restar,tr,0,0
restaurar,tr,0,0
restringir,tr,0,0
resucitar,tr,0,0
resumir,tr,0,0
retar,tr,0,0
retardar,tr,0,0
retener,tr,0,0
retirar,tr,0,0
retomar,tr,0,0
retorcer,tr,0,0
retornar,tr,0,0
retozar,tr,0,0
retrasar,tr,0,0
retribuir,tr,0,0
retroceder,tr,0,0
retrucar,tr,0,0
reunir,tr,0,0
revelar,tr,0,0
reventar,tr,0,0
reverberar,tr,0,0
reverenciar,tr,0,0
revertir,tr,0,0
revisar,tr,0,0
revolcar,tr,0,0
revolotear,tr,0,0
revolver,tr,0,0
rezar,tr,0,0
rezongar,tr,0,0
rezumar,tr,0,0
reír,tr,0,0
reñir,tr,0,0
robar,0,di,0
robustecer,tr,0,0
rociar,tr,0,0
rodar,tr,0,intr
rodear,tr,0,intr
roer,tr,0,0
rogar,0,di,0
romper,tr,di,intr
roncar,tr,0,0
rondar,tr,0,0
rozar,tr,0,0
rugir,0,0,intr
rumiar,tr,0,0
rumorear,tr,0,0
saborear,tr,0,0
sacar,tr,di,0
saciar,tr,0,0
sacudir,tr,0,0
salar,tr,0,0
salir,0,0,intr
salivar,tr,0,0
saltar,tr,0,intr
saludar,tr,0,0
sanar,0,0,intr
sancionar,tr,0,0
sancochar,tr,0,0
sanear,tr,0,0
sangrar,tr,0,0
santiguar,tr,0,0
saquear,tr,0,0
satisfacer,tr,0,0
sazonar,tr,0,0
secar,tr,0,0
seccionar,0,0,intr
secuestrar,tr,0,0
secundar,tr,0,0
sedar,tr,0,0
seducir,tr,0,0
segar,tr,0,0
segregar,tr,0,0
seguir,tr,0,intr
seleccionar,tr,0,0
sembrar,tr,0,0
sentar,tr,0,0
sentir,tr,0,0
separar,tr,0,0
sepultar,tr,0,0
ser,0,0,0
sermonear,tr,0,0
serpentear,tr,0,0
servir,tr,0,0
señalar,tr,0,0
significar,tr,0,intr
silbar,tr,0,0
silenciar,tr,0,0
simpatizar,tr,0,0
simular,tr,0,0
situar,tr,0,0
sobrenadar,tr,0,0
sobrepasar,tr,0,0
sobresalir,0,0,intr
sobrevenir,tr,0,0
sobrevivir,0,0,intr
socorrer,tr,0,0
sofocar,tr,0,0
soldar,tr,0,0
solear,tr,0,0
solidificar,tr,0,0
soliviantar,tr,0,0
sollozar,0,0,intr
soltar,tr,0,0
sombrear,tr,0,0
sonar,tr,0,intr
sonreír,tr,0,0
soplar,tr,0,0
soportar,tr,0,0
sorber,tr,0,0
sorprender,tr,0,0
sortear,tr,0,0
sosegar,tr,0,0
soslayar,tr,0,0
sospechar,tr,0,0
sostener,tr,0,0
soterrar,tr,0,0
suavizar,tr,0,0
subir,tr,0,intr
subordinar,tr,0,0
subsistir,0,0,intr
subyugar,tr,0,0
suceder,tr,0,0
sucumbir,0,0,intr
sudar,0,0,intr
sufrir,tr,0,intr
sujetar,tr,0,intr
sumar,tr,0,intr
sumergir,tr,0,intr
superponer,0,0,intr
suplicar,0,di,0
suprimir,tr,0,0
surcar,tr,0,0
suspirar,0,0,intr
sustituir,tr,0,0
sustraer,0,di,intr
susurrar,0,di,0
tabletear,tr,0,0
tambalear,0,0,intr
tamizar,tr,0,0
tantear,tr,0,0
tapar,tr,0,0
taponar,tr,0,0
tardar,tr,0,0
tartamudear,tr,0,0
tasar,tr,0,0
tatuar,tr,0,0
tañer,tr,0,0
tejer,tr,0,0
temblar,0,0,intr
temer,tr,0,0
templar,tr,0,0
tender,tr,0,intr
tener,tr,di,intr
terminar,tr,0,0
testimoniar,tr,0,0
tintinear,tr,0,0
tirar,tr,di,intr
tiritar,tr,0,0
tirotear,tr,0,0
titilar,tr,0,0
titubear,tr,0,0
tocar,tr,0,intr
tomar,tr,di,intr
tonificar,tr,0,0
tontear,tr,0,0
torcer,tr,0,0
tornear,tr,0,0
torrar,tr,0,0
torturar,tr,0,0
toser,0,0,intr
tostar,tr,0,0
totalizar,tr,0,0
trabajar,tr,0,intr
trabar,tr,0,0
traer,tr,di,0
traficar,tr,0,0
tragar,tr,0,0
traicionar,tr,0,0
trampear,0,0,intr
trancar,tr,0,0
tranquilizar,tr,0,0
transferir,tr,0,0
transformar,tr,0,0
transigir,0,0,intr
transitar,0,0,intr
transmitir,tr,di,0
transparentar,tr,0,0
transpirar,tr,0,0
transportar,tr,0,0
transvasar,0,0,0
traquetear,tr,0,0
trascender,tr,0,intr
trasladar,tr,di,intr
trasnochar,0,0,intr
traspasar,tr,0,0
trasplantar,tr,0,0
trasquilar,tr,0,0
trastabillar,tr,0,0
trastornar,tr,0,0
trasudar,tr,0,0
tratar,tr,0,intr
trenzar,tr,0,0
trepar,tr,0,0
trinchar,tr,0,0
triturar,tr,0,0
triunfar,0,0,intr
trocar,0,0,0
tronar,tr,0,0
tronchar,tr,0,0
trotar,0,0,intr
trozar,tr,0,0
tullir,tr,0,0
tumbar,0,0,intr
ubicar,tr,0,intr
ulcerar,tr,0,0
ultimar,tr,0,0
ultrajar,tr,0,0
uncir,tr,0,0
ungir,tr,0,0
unificar,tr,0,0
uniformar,tr,0,0
unir,tr,0,intr
universalizar,tr,0,0
untar,tr,0,0
urdir,tr,0,0
urgir,tr,0,0
usar,tr,0,0
usufructuar,tr,0,0
usurpar,tr,0,0
utilizar,tr,0,0
vaciar,tr,0,0
vacilar,0,0,intr
vadear,tr,0,0
vagabundear,tr,0,0
vagar,tr,0,0
valer,tr,di,intr
valorar,tr,0,0
vaporizar,tr,0,0
vapulear,tr,0,0
variar,tr,0,0
vaticinar,tr,0,0
vegetar,0,0,intr
vejar,tr,0,0
velar,0,0,intr
vencer,tr,0,intr
vendar,tr,0,0
vender,0,di,0
venerar,tr,0,0
venir,0,0,intr
ventilar,0,0,intr
ventosear,tr,0,0
versificar,tr,0,0
verter,tr,0,0
vestir,tr,0,0
vetar,tr,0,0
viajar,0,0,intr
vibrar,0,0,intr
viciar,tr,0,0
vigilar,tr,0,0
vigorizar,tr,0,0
vilipendiar,tr,0,0
vincular,tr,0,0
violar,tr,0,0
violentar,tr,0,0
virar,tr,0,0
visitar,tr,0,0
vitorear,tr,0,0
vituperar,tr,0,0
vivificar,tr,0,0
vivir,tr,0,intr
vociferar,tr,0,0
volar,tr,0,intr
volcar,tr,0,intr
voltear,0,0,intr
volver,tr,0,intr
vomitar,tr,0,0
vulgarizar,tr,0,0
yacer,0,0,intr
yuxtaponer,tr,0,0
zaherir,tr,0,0
zambullir,tr,0,0
zapar,tr,0,0
zarandear,tr,0,0
zigzaguear,tr,0,0
zumbar,0,0,intr
zurcir,tr,0,0
zurrar,tr,0,0
