abalanzar,0,0,intr
abanderar,tr,0,0
abandonar,tr,0,0
abanicar,tr,0,0
abaratar,tr,0,0
abarcar,tr,0,0
abastecer,tr,0,0
abatir,tr,0,0
abdicar,0,0,intr
abismar,tr,0,0
abjurar,0,0,intr
abogar,0,0,intr
abolir,tr,0,0
abonar,tr,0,0
abordar,tr,0,0
aborrecer,0,0,intr
abortar,0,0,intr
abrazar,tr,0,intr
abreviar,tr,0,0
abrigar,tr,0,0
abrillantar,tr,0,0
abrir,tr,di,intr
abroncar,tr,0,0
abrumar,tr,0,0
absolver,tr,0,0
absorber,tr,0,0
abstener,0,0,intr
abstraer,tr,0,0
abuchear,tr,0,0
abundar,0,0,intr
aburrir,tr,0,0
abusar,0,0,intr
acabar,tr,0,intr
acaecer,0,0,intr
acalambrar,tr,0,0
acallar,tr,0,0
acampar,0,0,intr
acaparar,tr,0,0
acariciar,tr,0,0
acarrear,tr,0,0
acatar,tr,0,0
acceder,0,0,intr
accidentar,0,0,intr
accionar,tr,0,0
acechar,tr,0,0
acelerar,tr,0,0
acentuar,tr,0,intr
aceptar,tr,0,0
acercar,tr,di,intr
acertar,0,0,intr
achacar,tr,di,0
achicar,tr,0,0
achuchar,tr,0,0
aclamar,tr,0,0
aclarar,tr,0,0
acoger,tr,0,intr
acometer,tr,0,0
acomodar,tr,0,0
acompañar,tr,0,0
acondicionar,tr,0,0
aconsejar,0,di,0
acontecer,0,0,intr
acopiar,tr,0,0
acoplar,tr,0,intr
acordar,tr,0,intr
acordonar,tr,0,0
acorralar,tr,0,0
acortar,tr,0,intr
acosar,tr,0,0
acostar,tr,0,intr
acostumbrar,tr,0,0
acotar,tr,0,0
acrecentar,tr,0,0
acreditar,tr,0,0
acristalar,tr,0,0
activar,tr,0,intr
actualizar,tr,0,0
actuar,0,0,intr
acudir,0,0,intr
acumular,tr,0,0
acuñar,tr,0,0
acusar,tr,0,0
adaptar,tr,0,intr
adecentar,tr,0,0
adecuar,tr,0,0
adelantar,tr,0,intr
adelgazar,tr,0,0
adentrar,0,0,intr
adherir,tr,0,intr
adiestrar,tr,0,0
adivinar,tr,0,0
adjudicar,0,di,0
adjuntar,tr,0,0
administrar,tr,di,0
admirar,tr,0,intr
admitir,tr,0,0
adoctrinar,tr,0,0
adoptar,tr,0,0
adorar,tr,0,0
adormecer,tr,0,0
adormilar,tr,0,0
adornar,tr,0,0
adosar,tr,0,0
adquirir,tr,0,0
adscribir,tr,0,0
aducir,tr,0,0
adueñar,0,0,intr
adulterar,tr,0,0
advertir,tr,0,0
aeronavegar,0,0,intr
afanar,0,0,intr
afear,tr,di,0
afectar,tr,0,0
afeitar,tr,0,0
aferrar,0,0,intr
afianzar,tr,0,0
aficionar,0,0,intr
afiliar,tr,0,0
afinar,tr,0,0
afincar,tr,0,0
afirmar,0,di,0
aflojar,tr,0,0
aflorar,0,0,intr
afluir,0,0,intr
aforar,tr,0,0
afrontar,tr,0,0
agachar,0,0,intr
agarrar,tr,0,intr
agasajar,tr,0,0
agenciar,tr,0,0
agilizar,tr,0,0
agitar,tr,0,0
aglutinar,tr,0,0
agobiar,tr,0,0
agolpar,tr,0,0
agonizar,0,0,intr
agotar,tr,0,0
agradar,tr,0,0
agradecer,0,di,0
agravar,tr,0,0
agredir,tr,0,0
agregar,tr,0,0
agrupar,tr,0,0
aguantar,tr,0,intr
aguar,tr,0,0
aguardar,tr,0,0
agudizar,tr,0,0
aguijonear,tr,0,0
ahincar,0,0,intr
ahogar,tr,0,0
ahondar,tr,0,intr
ahormar,tr,0,0
ahorrar,tr,0,0
ahuyentar,tr,0,0
airear,tr,0,0
aislar,tr,0,0
ajustar,tr,0,intr
alabar,tr,0,0
alardear,0,0,intr
alargar,tr,0,0
alarmar,tr,0,0
albergar,tr,0,0
alcanzar,tr,0,0
alear,tr,0,0
aleccionar,tr,0,0
alegar,tr,0,0
alegrar,tr,0,intr
alejar,tr,0,0
alentar,tr,0,0
alertar,tr,0,0
alfabetizar,tr,0,0
algarear,0,0,intr
aliar,tr,0,0
aligerar,tr,0,0
alijar,tr,0,0
alimentar,tr,0,0
aliñar,tr,0,0
alinear,tr,0,0
alisar,tr,0,0
alistar,tr,0,intr
aliviar,tr,0,0
allanar,tr,0,0
allegar,0,0,intr
almacenar,tr,0,0
almorzar,0,0,intr
alojar,tr,0,intr
alquilar,tr,0,0
alterar,tr,0,0
altercar,0,0,intr
alternar,tr,0,0
aludir,0,0,intr
alumbrar,tr,0,0
alzar,tr,0,intr
amadrinar,tr,0,0
amagar,0,0,intr
amainar,0,0,intr
amamantar,tr,0,0
amanecer,0,0,intr
amar,tr,0,0
amargar,tr,0,0
amarrar,tr,0,0
ambicionar,tr,0,0
ambientar,tr,0,0
amedrentar,tr,0,0
amenazar,tr,0,0
amilanar,tr,0,0
amoldarse,tr,0,0
amonestar,tr,0,0
amontonar,tr,0,0
amortajar,tr,0,0
amortiguar,tr,0,0
amortizar,tr,0,0
amotinar,0,0,intr
amparar,0,0,intr
ampliar,tr,0,0
amputar,tr,0,0
amurallar,tr,0,0
añadir,tr,0,0
analizar,tr,0,0
anclar,tr,0,0
andar,0,0,intr
angustiar,tr,0,0
anhelar,tr,0,0
anidar,0,0,intr
animar,tr,0,0
aniquilar,tr,0,0
anochecer,0,0,intr
añorar,tr,0,0
anotar,tr,0,0
ansiar,tr,0,0
anteceder,tr,0,0
anteponer,tr,0,0
anticipar,tr,0,intr
anudar,tr,0,0
anular,tr,0,0
anunciar,tr,0,0
apabullar,tr,0,0
apaciguar,tr,0,0
apadrinar,tr,0,0
apagar,tr,0,0
apandar,tr,0,0
aparcar,tr,0,0
aparear,0,0,intr
aparecer,0,0,intr
aparentar,tr,0,0
apartar,tr,0,0
apasionar,tr,0,0
apear,tr,0,0
apechugar,0,0,intr
apelar,tr,0,intr
apenar,tr,0,0
apercibir,0,0,intr
apiadar,0,0,intr
apilar,tr,0,0
apiñar,0,0,intr
aplacar,tr,0,0
aplastar,tr,0,0
aplaudir,tr,0,0
aplazar,tr,0,0
aplicar,tr,0,0
aplomar,tr,0,0
apodar,tr,0,0
apoderar,0,0,intr
aportar,tr,0,0
aposentar,0,0,intr
apostar,tr,0,0
apostillar,tr,0,0
apostillarse,tr,0,0
apoyar,tr,0,intr
apreciar,tr,0,0
apremiar,tr,0,0
aprender,tr,0,intr
apresar,tr,0,0
aprestar,0,0,intr
apresurar,0,0,intr
apretar,tr,0,0
aprobar,tr,0,0
apropiar,0,0,intr
aprovechar,tr,0,intr
aprovisionar,0,0,intr
aproximar,0,0,intr
apuñalar,tr,0,0
apuntalar,tr,0,0
apuntar,tr,0,0
apurar,tr,0,0
aquejar,tr,0,intr
arañar,tr,0,0
arbitrar,tr,0,0
archivar,tr,0,0
arder,0,0,intr
argüir,tr,0,0
argumentar,tr,0,0
armar,tr,0,0
armonizar,tr,0,0
arraigar,tr,0,intr
arrancar,tr,0,intr
arrasar,tr,0,intr
arrastrar,tr,0,0
arrebatar,0,di,intr
arreciar,0,0,intr
arredrar,tr,0,0
arreglar,tr,di,0
arremeter,0,0,intr
arrendar,tr,0,0
arrepentirse,0,0,intr
arrestar,tr,0,0
arribar,0,0,intr
arriesgar,tr,0,intr
arrimar,tr,0,intr
arrinconar,tr,0,0
arrodillar,tr,0,0
arrojar,tr,0,0
arrollar,tr,0,0
arropar,tr,0,0
arrostrar,tr,0,0
arruinar,tr,0,0
arrullar,tr,0,0
arrumbar,tr,0,0
articular,tr,0,0
asaetear,tr,0,0
asaltar,tr,0,0
ascender,0,0,intr
asediar,tr,0,0
asegurar,tr,di,0
asentar,tr,0,intr
asentir,0,0,intr
asesinar,tr,0,0
asesorar,0,di,0
asestar,tr,0,0
aseverar,0,di,0
asfixiar,tr,0,0
asignar,0,di,0
asilar,tr,0,0
asimilar,tr,0,0
asistir,tr,0,intr
asociar,tr,0,0
asolar,tr,0,0
asomar,0,0,intr
asombrar,tr,0,0
asonar,0,0,intr
aspirar,0,0,intr
astillar,tr,0,0
asumir,tr,0,0
asumisar,0,0,intr
asustar,tr,0,0
atacar,tr,0,0
atajar,tr,0,0
atar,tr,0,0
atarear,tr,0,0
atascar,tr,0,0
ataviar,tr,0,0
atemperar,tr,0,0
atender,tr,0,intr
atenerse,0,0,intr
atentar,0,0,intr
atenuar,tr,0,0
aterrizar,0,0,intr
atesorar,tr,0,0
atinar,0,0,intr
atomizar,tr,0,0
atormentar,tr,0,0
atracar,tr,0,0
atraer,tr,0,0
atrapar,tr,0,0
atrasar,tr,0,0
atravesar,tr,0,0
atreverse,0,0,intr
atribuir,tr,di,0
atribular,tr,0,0
atrincherar,tr,0,0
atropellar,tr,0,0
aturdir,tr,0,0
augurar,tr,0,0
aullar,0,0,intr
aumentar,tr,0,0
aunar,tr,0,0
ausentar,0,0,intr
auspiciar,tr,0,0
autentificar,tr,0,0
autoconvencerse,0,0,intr
autodefinirse,0,0,intr
autoflagelar,0,0,intr
autogenerarse,tr,0,intr
automatizar,tr,0,0
autoproclamarse,0,0,intr
autorizar,tr,di,0
autorregular,tr,0,0
auxiliar,tr,0,0
avalar,tr,0,0
avanzar,tr,0,intr
avecinar,0,0,intr
aventajar,tr,0,0
aventurar,tr,0,intr
averiar,tr,0,0
averiguar,tr,0,0
avezar,tr,0,0
avisar,tr,0,0
avispar,tr,0,0
avistar,tr,0,0
ayudar,tr,0,0
ayunar,0,0,intr
azotar,tr,0,0
azuzar,tr,0,0
bailar,tr,0,0
bajar,tr,0,intr
balcanizar,tr,0,0
bañar,tr,0,0
barajar,tr,0,0
barrer,tr,0,0
barruntar,tr,0,0
basar,tr,0,intr
bastar,0,0,intr
batallar,0,0,intr
batear,tr,0,0
batir,tr,0,intr
bautizar,tr,0,0
beatificar,tr,0,0
beber,tr,0,0
becar,tr,0,0
bendecir,tr,0,0
beneficiar,tr,0,intr
berrear,0,0,intr
besar,tr,0,0
blandear,0,0,intr
blanquear,tr,0,0
blindar,tr,0,0
bloquear,tr,0,0
boicotear,tr,0,0
bombardear,tr,0,0
bombear,tr,0,0
bordear,tr,0,0
borrar,tr,0,0
bostezar,0,0,intr
botar,tr,0,0
bracear,0,0,intr
bramar,tr,0,0
bregar,0,0,intr
brillar,0,0,intr
brincar,0,0,intr
brindar,0,di,0
bromear,tr,0,intr
broncear,tr,0,0
brotar,0,0,intr
bucear,0,0,intr
burlar,tr,0,intr
burocratizar,tr,0,0
buscar,tr,0,0
cabecear,tr,0,intr
cabrear,tr,0,0
cacarear,tr,0,0
caducar,0,0,intr
caer,0,0,intr
caer_en_la_cuenta,0,0,intr
cagar,0,0,intr
calar,0,0,intr
calcar,tr,0,0
calcinar,tr,0,0
calcular,tr,0,0
caldear,tr,0,0
calentar,tr,0,0
calificar,tr,0,intr
callar,tr,0,intr
calmar,tr,0,0
calumniar,0,di,0
cambiar,tr,0,intr
caminar,0,0,intr
campar,0,0,intr
camuflar,tr,0,0
canalizar,tr,0,0
cancelar,tr,0,0
canjear,tr,0,0
cansar,tr,0,0
cantar,tr,0,0
canturrear,tr,0,0
capacitar,tr,0,0
capear,tr,0,0
capitalizar,tr,0,0
capitanear,tr,0,0
capitular,0,0,intr
captar,tr,0,0
capturar,tr,0,0
caracolear,0,0,intr
caracterizar,tr,0,0
cardar,tr,0,0
carecer,0,0,intr
cargar,tr,0,intr
casar,tr,0,0
castigar,tr,0,0
catalogar,tr,0,0
catapultar,tr,0,0
causar,tr,di,0
cautivar,tr,0,0
cazar,tr,0,0
cebar,0,0,intr
ceder,0,di,intr
cegar,tr,0,0
celebrar,tr,0,0
cenar,0,0,intr
ceñir,tr,0,0
censar,tr,0,0
censurar,tr,0,0
centralizar,tr,0,0
centrar,tr,0,intr
cepillar,tr,0,0
cercar,tr,0,0
cercenar,tr,0,0
cernir,0,0,intr
cerrar,tr,0,intr
cerrar_en_banda,0,0,intr
certificar,tr,0,0
cesar,tr,0,intr
chapuzar,tr,0,0
charlar,0,0,intr
charlotear,0,0,intr
chasquear,tr,0,0
chequear,0,0,intr
chillar,0,0,intr
chirriar,0,0,intr
chisporrotear,0,0,intr
chocar,0,0,intr
chupar,tr,0,0
cifrar,tr,0,0
cimentar,tr,0,0
circular,0,0,intr
circundar,tr,0,0
circunscribir,tr,0,0
ciscar,0,0,intr
citar,tr,0,intr
civilizar,tr,0,0
clamar,tr,0,0
clarificar,tr,0,0
clasificar,tr,0,intr
claudicar,0,0,intr
clausurar,tr,0,0
clavar,tr,0,0
clonar,tr,0,0
coaccionar,tr,0,0
coaligarse,0,0,intr
cobijar,tr,0,intr
cobrar,tr,0,0
cocer,0,0,intr
cocinar,tr,0,0
codear,0,0,intr
codiciar,tr,0,0
codificar,tr,0,0
coescribir,tr,0,0
coexistir,0,0,intr
coger,tr,0,0
cohabitar,0,0,intr
cohesionar,tr,0,0
coincidir,0,0,intr
cojear,0,0,intr
colaborar,0,0,intr
colapsar,tr,0,0
colar,tr,0,0
coleccionar,tr,0,0
colectar,tr,0,0
colectivizar,tr,0,0
colegir,tr,0,0
colgar,tr,0,0
colisionar,0,0,intr
colmar,tr,0,0
colocar,tr,di,0
colonizar,tr,0,0
columbrar,tr,0,0
comandar,tr,0,0
combatir,tr,0,0
combinar,tr,0,0
comedir,0,0,intr
comentar,0,di,0
comenzar,tr,0,intr
comer,tr,0,0
comercializar,tr,0,0
comerciar,tr,0,0
cometer,tr,0,0
compadecer,tr,0,0
compaginar,tr,0,0
comparar,tr,0,0
comparecer,0,0,intr
compartir,tr,0,0
compatibilizar,tr,0,0
compensar,tr,0,intr
competir,0,0,intr
complacer,tr,0,0
complementar,tr,0,0
completar,tr,0,0
complicar,tr,0,0
componer,tr,0,intr
comportar,tr,0,intr
comprar,tr,0,0
comprender,tr,0,0
comprimir,tr,0,0
comprobar,tr,0,0
comprometer,tr,0,intr
computar,tr,0,0
comulgar,0,0,intr
comunicar,tr,di,intr
concebir,tr,0,0
conceder,tr,di,0
concentrar,tr,0,intr
conceptualizar,tr,0,0
concertar,tr,0,0
concienciar,tr,0,0
conciliar,tr,0,0
concluir,tr,0,intr
concretar,tr,0,intr
concurrir,0,0,intr
condecorar,tr,0,0
condenar,tr,0,0
condensar,tr,0,0
condicionar,tr,0,0
condimentar,tr,0,0
conducir,tr,0,intr
conectar,tr,0,intr
confeccionar,tr,0,0
conferenciar,0,0,intr
conferir,0,di,0
confesar,tr,di,0
confiar,0,di,intr
configurar,tr,0,intr
confinar,tr,0,0
confirmar,tr,0,0
confiscar,0,di,0
confluir,0,0,intr
conformar,tr,0,intr
confortar,tr,0,0
confrontar,tr,0,0
confundir,tr,0,intr
congelar,tr,0,0
congraciar,tr,0,0
congratular,tr,0,intr
congregar,tr,0,intr
conjugar,tr,0,0
conjuntar,tr,0,0
conjurar,tr,0,0
conllevar,tr,0,intr
conmemorar,tr,0,0
conminar,tr,0,0
conmocionar,tr,0,0
conmover,tr,0,0
conocer,tr,0,0
conquistar,tr,0,0
consagrar,tr,0,0
conseguir,tr,0,0
consensuar,tr,0,0
consentir,tr,0,0
conservar,tr,0,0
considerar,tr,0,0
consignar,tr,0,0
consistir,0,0,intr
consolar,tr,0,0
consolidar,tr,0,0
conspirar,0,0,intr
constar,0,di,intr
constatar,tr,0,0
constituir,tr,0,intr
constreñir,tr,0,0
construir,tr,0,0
consultar,tr,di,0
consumar,tr,0,0
consumir,tr,0,intr
contabilizar,tr,0,0
contactar,tr,0,intr
contagiar,tr,0,0
contaminar,tr,0,0
contar,tr,0,intr
contemplar,tr,0,0
contener,tr,0,intr
contentar,tr,0,0
contestar,tr,0,0
continuar,tr,0,intr
contorsionarse,0,0,intr
contraatacar,tr,0,0
contradecir,tr,0,0
contraer,tr,0,0
contraindicar,tr,0,0
contraponer,tr,0,0
contrarrestar,tr,0,0
contrastar,tr,0,intr
contratar,tr,0,0
contravenir,tr,0,0
contribuir,0,0,intr
controlar,tr,0,0
controvertir,tr,0,0
convalidar,tr,0,0
convencer,tr,0,0
convenir,0,0,intr
converger,0,0,intr
conversar,0,0,intr
convertir,tr,0,intr
convivir,0,0,intr
convocar,tr,0,0
convulsionar,tr,0,0
cooperar,0,0,intr
coordinar,tr,0,0
copar,tr,0,0
copiar,tr,0,0
copresentar,tr,0,0
copresidir,tr,0,0
coproducir,tr,0,0
copular,0,0,intr
coquetear,0,0,intr
corear,tr,0,0
coreografiar,tr,0,0
coronar,tr,0,intr
corregir,tr,0,0
correr,tr,0,intr
corresponder,tr,0,intr
corroborar,tr,0,0
corroer,tr,0,0
corromper,tr,0,0
cortar,tr,0,intr
cortejar,tr,0,0
cosechar,tr,0,0
coser,tr,0,0
costar,tr,di,0
costear,tr,0,0
cotizar,tr,0,intr
crear,tr,0,0
crecer,tr,0,intr
creer,tr,0,intr
crepitar,0,0,intr
criar,tr,0,0
criminalizar,tr,0,0
crispar,tr,0,intr
cristalizar,0,0,intr
criticar,tr,0,0
crucificar,tr,0,0
crujir,0,0,intr
cruzar,tr,0,intr
cuadrar,tr,0,0
cuajar,tr,0,intr
cualificar,tr,0,0
cuantificar,tr,0,0
cubrir,tr,0,0
cuestionar,tr,0,0
cuidar,tr,0,intr
culebrear,0,0,intr
culminar,tr,0,intr
culpar,tr,0,0
cultivar,tr,0,0
cumplimentar,tr,0,0
cumplir,tr,0,intr
cunar,tr,0,0
cundir,0,0,intr
curar,tr,0,0
curiosear,0,0,intr
currar,0,0,intr
cursar,tr,0,0
curtir,tr,0,0
custodiar,tr,0,0
dañar,tr,0,0
dar,tr,di,intr
dar_a_conocer,0,di,0
dar_a_luz,tr,0,0
dar_caza,tr,0,0
dar_comienzo,0,0,intr
dar_crédito,0,0,intr
dar_cuenta,0,0,intr
dar_derecho,0,0,intr
dar_que_pensar,0,0,intr
datar,0,0,intr
deambular,0,0,intr
debatir,tr,0,intr
deber,0,di,intr
debilitar,tr,0,0
debutar,0,0,intr
decaer,0,0,intr
decantar,0,0,intr
decapitar,tr,0,0
decepcionar,tr,0,0
decidir,tr,0,intr
decir,0,di,0
declarar,tr,di,intr
declinar,tr,0,0
decomisar,tr,0,0
decorar,tr,0,0
decretar,tr,0,0
dedicar,tr,di,intr
deducir,tr,0,0
defender,tr,0,intr
definir,tr,0,0
deformar,tr,0,0
defraudar,tr,di,0
degenerar,0,0,intr
degollar,tr,0,0
degradar,tr,0,0
degustar,tr,0,0
dejar,tr,di,intr
dejarse_arrastrar,0,0,intr
dejarse_llevar,0,0,intr
dejarse_ver,0,0,intr
dejar_ir,tr,0,0
delatar,tr,0,0
delegar,tr,0,0
deleitar,tr,0,0
deletrear,tr,0,0
deliberar,tr,0,0
delimitar,tr,0,0
delinquir,0,0,intr
delirar,0,0,intr
demandar,tr,di,0
demarcar,tr,0,0
democratizar,tr,0,0
demoler,tr,0,0
demonizar,tr,0,0
demorar,tr,0,intr
demostrar,tr,0,0
denegar,0,di,0
denominar,tr,0,0
denostar,tr,0,0
denunciar,tr,0,0
deparar,tr,0,0
depender,0,0,intr
deplorar,tr,0,0
deponer,tr,0,0
deportar,tr,0,0
depositar,tr,0,0
depreciar,tr,0,0
depredar,tr,0,0
deprimir,tr,0,0
depurar,tr,0,0
derivar,tr,0,intr
derogar,tr,0,0
derramar,tr,0,0
derrapar,0,0,intr
derretir,tr,0,0
derribar,tr,0,0
derrocar,tr,0,0
derrochar,tr,0,intr
derrotar,tr,0,0
derrumbar,tr,0,0
desacelerar,tr,0,0
desaconsejar,tr,0,0
desacordar,tr,0,0
desacreditar,tr,0,0
desactivar,tr,0,0
desafiar,tr,0,0
desahogar,0,0,intr
desahuciar,tr,0,0
desajustar,tr,0,0
desalentar,tr,0,0
desalojar,tr,0,0
desamparar,tr,0,0
desandar,tr,0,0
desangrar,tr,0,0
desanimar,tr,0,0
desaparecer,tr,0,intr
desaprender,tr,0,0
desaprobar,tr,0,0
desaprovechar,tr,0,0
desarmar,tr,0,0
desarrollar,tr,0,intr
desarticular,tr,0,0
desasosegar,tr,0,0
desatar,tr,0,0
desatinar,0,0,intr
desautorizar,tr,0,0
desavenir,tr,0,0
desayunar,0,0,intr
desbancar,tr,0,0
desbaratar,tr,0,0
desbloquear,tr,0,0
desbordar,tr,0,0
desbrozar,tr,0,0
descabalgar,tr,0,0
descalificar,tr,0,0
descansar,0,0,intr
descargar,tr,0,0
descarrilar,0,0,intr
descartar,tr,0,0
descender,tr,0,intr
descentralizar,tr,0,0
descifrar,tr,0,0
descolgar,tr,0,intr
descollar,0,0,intr
descolocar,tr,0,0
descomponer,tr,0,0
desconcertar,tr,0,0
desconectar,tr,0,0
desconfiar,0,0,intr
desconocer,tr,0,0
desconsiderar,tr,0,0
descontaminar,tr,0,0
descontar,tr,0,0
desconvocar,tr,0,0
descorchar,tr,0,0
descoyuntar,tr,0,0
describir,tr,0,0
descubrir,tr,0,0
descuidar,0,0,intr
desdecir,0,0,intr
desdoblar,tr,0,0
desdramatizar,tr,0,0
desear,tr,0,0
desechar,tr,0,0
desembarcar,0,0,intr
desembocar,0,0,intr
desembolsar,tr,0,0
desempacar,tr,0,0
desempatar,tr,0,0
desempeñar,tr,0,0
desempolvar,tr,0,0
desencadenar,0,di,0
desencantar,tr,0,0
desenfocar,tr,0,0
desenlazar,0,0,intr
desentender,0,0,intr
desenterrar,tr,0,0
desentonar,0,0,intr
desenvolver,0,0,intr
desertar,0,0,intr
desertizar,tr,0,0
desesperar,tr,0,0
desestabilizar,tr,0,0
desestimar,tr,0,0
desfasar,tr,0,0
desfavorecer,tr,0,0
desfigurar,tr,0,0
desfilar,0,0,intr
desgajar,tr,0,0
desgañitarse,0,0,intr
desgarrar,tr,0,0
desgastar,0,0,intr
desglosar,tr,0,0
desgraciar,tr,0,0
desgranar,tr,0,0
desgravar,tr,0,0
deshacer,tr,0,intr
desheredar,tr,0,0
designar,tr,0,0
desilusionar,tr,0,0
desinfectar,tr,0,0
desinformar,tr,0,0
desintegrar,tr,0,0
desinvertir,tr,0,0
desistir,0,0,intr
deslegitimar,tr,0,0
deslindar,tr,0,0
deslizar,0,0,intr
deslocalizar,tr,0,0
deslumbrar,0,0,intr
desmantelar,tr,0,0
desmarcar,0,0,intr
desmayar,0,0,intr
desmentir,tr,0,0
desmenuzar,tr,0,0
desmitificar,tr,0,0
desmontar,0,di,0
desmoralizar,tr,0,0
desmoronar,tr,0,0
desmovilizar,0,0,intr
desnudar,tr,0,0
desobedecer,tr,0,0
desocupar,tr,0,0
desoír,tr,0,0
desolar,tr,0,0
desorbitar,tr,0,0
desorganizar,tr,0,0
desorientar,tr,0,0
despachar,tr,0,intr
desparramar,tr,0,0
despedir,tr,0,intr
despegar,tr,0,intr
despejar,tr,0,0
despenalizar,tr,0,0
despeñar,tr,0,0
desperdiciar,tr,0,0
desperdigar,tr,0,0
despertar,tr,0,intr
despilfarrar,tr,0,0
despistar,tr,0,0
desplantar,tr,0,0
desplazar,tr,0,intr
desplegar,tr,0,0
desplomar,0,0,intr
despoblar,tr,0,0
despojar,tr,0,0
despotricar,0,0,intr
despreciar,tr,0,0
desprender,tr,0,intr
desprestigiar,tr,0,0
desproveer,tr,0,0
despuntar,0,0,intr
desquitar,0,0,intr
destacar,tr,0,intr
destapar,tr,0,0
destellar,0,0,intr
destetar,tr,0,0
destilar,tr,0,0
destinar,tr,0,0
destituir,tr,0,0
destrozar,tr,0,0
destruir,tr,0,0
desunir,tr,0,0
desvanecer,tr,0,0
desvelar,tr,0,0
desvestir,0,0,intr
desviar,tr,0,0
desvincular,tr,0,0
desvirgar,tr,0,0
desvirtuar,tr,0,0
detallar,tr,0,0
detectar,tr,0,0
detener,tr,0,intr
detentar,tr,0,0
deteriorar,tr,0,0
determinar,tr,0,0
detestar,tr,0,0
detonar,tr,0,0
devaluar,tr,0,0
devastar,tr,0,0
devenir,0,0,intr
devolver,0,di,0
devorar,tr,0,0
diagnosticar,tr,0,0
dialogar,0,0,intr
dibujar,tr,0,0
dictaminar,tr,0,0
dictar,tr,0,0
diezmar,tr,0,0
difamar,tr,0,0
diferenciar,tr,0,intr
diferir,0,0,intr
dificultar,tr,0,0
difuminar,tr,0,0
difundir,tr,0,0
digerir,0,0,intr
dignificar,tr,0,0
dilapidar,tr,0,0
dilatar,tr,0,0
diligenciar,tr,0,0
dilucidar,tr,0,0
diluir,tr,0,0
dimensionar,tr,0,0
dimitir,0,0,intr
dinamitar,tr,0,0
dinamizar,tr,0,0
dirigir,tr,di,intr
dirimir,tr,0,0
discernir,tr,0,0
disciplinar,tr,0,0
discrepar,0,0,intr
discriminar,tr,0,0
disculpar,tr,0,0
discurrir,0,0,intr
discutir,tr,0,intr
diseminar,tr,0,0
diseñar,tr,0,0
disentir,0,0,intr
disfrazar,tr,0,0
disfrutar,tr,0,intr
disimular,tr,0,0
disipar,tr,0,0
disminuir,tr,0,0
disolver,tr,0,0
disparar,tr,0,intr
dispensar,tr,0,0
dispersar,tr,0,0
disponer,tr,0,intr
disputar,tr,0,0
distanciar,tr,0,intr
distar,0,0,intr
distender,tr,0,0
distinguir,tr,0,0
distorsionar,tr,0,0
distraer,tr,0,0
distribuir,tr,0,0
divagar,0,0,intr
divergir,0,0,intr
diversificar,tr,0,0
divertir,tr,0,0
dividir,tr,0,0
divorciar,tr,0,0
divulgar,tr,0,0
doblar,tr,0,0
doblegar,tr,0,0
documentar,tr,0,0
dolarizar,tr,0,0
domar,tr,0,0
domeñar,tr,0,0
domesticar,tr,0,0
dominar,tr,0,0
donar,tr,0,0
dopar,tr,0,0
dormir,tr,0,intr
dosificar,tr,0,0
dotar,tr,0,0
dragar,tr,0,0
driblar,tr,0,0
drogar,tr,0,0
dudar,0,0,intr
dulcificar,tr,0,0
duplicar,tr,0,0
durar,tr,0,0
echar,tr,0,intr
echar_al_monte,0,0,intr
echar_de_menos,tr,0,0
echar_en_cara,0,di,0
echar_en_falta,tr,0,0
echar_mano,0,0,intr
echar_por_tierra,tr,0,0
eclipsar,tr,0,0
eclosionar,0,0,intr
edificar,tr,0,0
editar,tr,0,0
educar,tr,0,0
efectuar,tr,0,0
efundir,tr,0,0
ejecutar,tr,0,0
ejemplificar,tr,0,0
ejercer,tr,0,intr
ejercitar,0,0,intr
elaborar,tr,0,0
elegir,tr,0,0
elevar,tr,0,0
eliminar,tr,0,0
elogiar,tr,0,0
eludir,tr,0,0
emancipar,tr,0,0
embadurnar,tr,0,0
embalar,tr,0,0
embalsar,tr,0,0
embarazar,tr,0,0
embarcar,0,0,intr
embargar,0,di,0
embatirse,0,0,intr
embelesar,tr,0,0
embestir,tr,0,0
embocar,tr,0,0
embolsar,tr,0,0
emboscar,tr,0,0
embrutecer,tr,0,0
embutir,tr,0,0
emerger,0,0,intr
emigrar,0,0,intr
emitir,tr,0,0
emocionar,tr,0,0
empacar,tr,0,0
empanar,tr,0,0
empañar,tr,0,0
empantanar,tr,0,0
empapar,tr,0,0
empaquetar,tr,0,0
emparejar,tr,0,0
emparentar,tr,0,0
empatar,tr,0,0
empellar,tr,0,0
empeñar,0,0,intr
empeorar,tr,0,0
empezar,tr,0,intr
empingorotar,tr,0,0
emplazar,tr,0,0
emplear,tr,0,intr
emprender,tr,0,0
empujar,tr,0,0
empuñar,tr,0,0
emular,tr,0,0
enajenar,tr,0,0
enaltecer,tr,0,0
enamorar,tr,0,0
enarbolar,tr,0,0
encabezar,tr,0,0
encadenar,tr,0,0
encajar,tr,0,intr
encajonar,tr,0,0
encaminar,tr,0,intr
encandilar,tr,0,0
encapuchar,tr,0,0
encaramar,0,0,intr
encarar,tr,0,0
encarcelar,tr,0,0
encarecer,tr,0,0
encargar,tr,di,intr
encarnar,tr,0,intr
encarnizar,tr,0,0
encarrilar,tr,0,0
encasillar,tr,0,0
encausar,tr,0,0
encauzar,tr,0,0
encender,tr,0,0
encerrar,tr,0,0
encestar,tr,0,0
encharcar,tr,0,0
enchufar,tr,0,0
enclavar,0,0,intr
encoger,0,0,intr
encomendar,0,di,0
enconar,tr,0,0
encontrar,tr,0,intr
encontrar_a_faltar,tr,0,0
encorsetar,tr,0,0
encuadrar,0,0,intr
encubrir,tr,0,0
encuestar,tr,0,0
enderezar,tr,0,0
endeudarse,0,0,intr
endosar,0,di,0
endurecer,tr,0,0
enfadar,tr,0,0
enfatizar,tr,0,0
enfilar,tr,0,0
enfocar,tr,0,0
enfrentar,tr,0,intr
enfriar,tr,0,0
engañar,tr,0,0
enganchar,tr,0,intr
engendrar,tr,0,0
englobar,tr,0,0
engordar,0,0,intr
engranar,0,0,intr
engrandecer,tr,0,0
engrosar,tr,0,0
enguarrar,tr,0,0
enjaular,tr,0,0
enjuagar,tr,0,0
enjugar,tr,0,0
enjuiciar,tr,0,0
enlazar,tr,0,intr
enmarcar,tr,0,0
enmascarar,tr,0,0
enmendar,tr,0,0
enmudecer,0,0,intr
ennoblecer,tr,0,0
enorgullecer,0,di,0
enrabietar,tr,0,0
enrarecer,0,0,intr
enredar,tr,0,0
enriquecer,tr,0,0
enrocar,0,0,intr
enrolar,tr,0,0
enrollar,tr,0,0
ensalzar,tr,0,0
ensamblar,tr,0,0
ensañar,0,0,intr
ensanchar,tr,0,intr
ensangrentar,tr,0,0
ensartar,tr,0,0
ensayar,tr,0,0
enseñar,0,di,0
ensimismar,tr,0,0
ensombrecer,tr,0,0
ensoñar,0,0,intr
ensuciar,tr,0,0
entablar,tr,0,0
entender,tr,0,intr
enterar,0,0,intr
enterrar,tr,0,0
entonar,tr,0,0
entornar,tr,0,0
entorpecer,tr,0,0
entramar,tr,0,0
entrañar,tr,0,0
entrar,0,0,intr
entreabrir,tr,0,0
entrechocar,0,0,intr
entregar,0,di,intr
entremezclar,tr,0,0
entrenar,tr,0,0
entretener,tr,0,intr
entrever,tr,0,0
entreverar,0,0,intr
entrevistar,tr,0,intr
entristecer,tr,0,0
entrometer,tr,0,intr
entroncar,0,0,intr
entronizar,tr,0,0
enturbiar,tr,0,0
entusiasmar,tr,0,0
enumerar,tr,0,0
enunciar,tr,0,0
envalentonar,tr,0,0
envasar,tr,0,0
envejecer,0,0,intr
envenenar,tr,0,0
enviar,0,di,0
envidar,tr,0,0
envidiar,tr,0,0
envilecer,tr,0,0
envolver,tr,0,0
enyesar,tr,0,0
enzarzar,0,0,intr
equilibrar,tr,0,0
equipar,tr,0,0
equiparar,tr,0,0
equivaler,0,0,intr
equivocar,0,0,intr
erguir,0,0,intr
erigir,0,0,intr
erosionar,tr,0,0
erradicar,tr,0,0
errar,0,0,intr
erupcionar,tr,0,0
esbozar,tr,0,0
escalar,tr,0,0
escamotear,tr,0,0
escandalizar,tr,0,0
escapar,tr,di,intr
escarmentar,tr,0,0
escasear,0,0,intr
escatimar,0,0,intr
escayolar,tr,0,0
escenificar,tr,0,0
escindir,tr,0,0
esclarecer,tr,0,0
esclavizar,tr,0,0
escoger,tr,0,0
escolarizar,tr,0,0
escoltar,tr,0,0
esconder,tr,0,intr
escorzar,tr,0,0
escribir,tr,0,0
escrutar,tr,0,0
escuchar,tr,0,0
escudriñar,tr,0,0
escupir,tr,0,intr
escurrir,0,0,intr
esforzar,0,0,intr
esfumar,0,0,intr
esgrimir,tr,0,0
esmaltar,tr,0,0
espantar,tr,0,0
esparcir,tr,0,0
especializar,0,0,intr
especificar,tr,0,0
especular,0,0,intr
esperar,tr,0,intr
espetar,0,di,0
espiar,tr,0,0
espolear,tr,0,0
esponjar,tr,0,0
esposar,tr,0,0
esquiar,0,0,intr
esquilmar,tr,0,0
esquivar,tr,0,0
estabilizar,tr,0,0
establecer,tr,0,intr
estacionar,tr,0,0
estafar,tr,0,0
estallar,0,0,intr
estampar,tr,0,0
estancar,tr,0,0
estandarizar,tr,0,0
estar,0,0,intr
estar_al_caer,0,0,intr
estar_de_acuerdo,0,0,intr
estar_en_contacto,0,0,intr
estar_por_ver,0,0,intr
esterilizar,tr,0,0
estibar,tr,0,0
estimar,tr,0,0
estimular,tr,0,0
estipular,tr,0,0
estirajar,tr,0,0
estirar,tr,0,0
estorbar,tr,0,0
estrangular,tr,0,0
estrechar,tr,0,0
estrellar,tr,0,0
estrenar,tr,0,intr
estribar,0,0,intr
estropear,tr,0,0
estructurar,tr,0,0
estudiar,tr,0,0
evacuar,tr,0,0
evadir,tr,0,intr
evaluar,tr,0,0
evidenciar,tr,0,0
evitar,tr,0,0
evocar,tr,0,0
evolucionar,0,0,intr
exagerar,tr,0,0
exaltar,tr,0,intr
examinar,tr,0,0
excavar,tr,0,0
exceder,tr,0,intr
exceptuar,tr,0,0
excitar,tr,0,0
exclamar,tr,0,0
excluir,tr,0,0
excomulgar,tr,0,0
exculpar,tr,0,0
excusar,tr,0,0
exhalar,tr,0,0
exhibir,tr,0,0
exhortar,tr,0,0
exigir,0,di,0
exiliar,0,0,intr
eximir,tr,0,0
existir,0,0,intr
expandir,tr,0,0
expansionar,tr,0,0
expedientar,tr,0,0
expeler,tr,0,0
expender,tr,0,0
experimentar,tr,0,intr
expirar,0,0,intr
explayar,0,0,intr
explicar,0,di,0
explorar,tr,0,0
explosionar,0,0,intr
explotar,tr,0,intr
expoliar,tr,0,0
exponer,tr,di,0
exportar,tr,0,0
expresar,0,di,intr
expropiar,tr,0,0
expulsar,tr,0,0
extender,tr,0,intr
extenuar,tr,0,0
exteriorizar,tr,0,0
exterminar,tr,0,0
externalizar,tr,0,0
extinguir,tr,0,intr
extirpar,tr,0,0
extorsionar,tr,0,0
extractar,tr,0,0
extraditar,tr,0,0
extraer,tr,0,0
extrapolar,tr,0,0
extraviar,tr,0,0
extremar,tr,0,0
fabricar,tr,0,0
facilitar,0,di,0
facturar,tr,0,0
facultar,tr,0,0
faenar,0,0,intr
fajar,tr,0,0
fallar,tr,0,intr
fallecer,0,0,intr
falsear,tr,0,0
falsificar,tr,0,0
faltar,0,0,intr
familiarizar,tr,0,0
fardar,0,0,intr
fascinar,tr,0,0
fastidiar,tr,0,0
fatigar,tr,0,0
favorecer,tr,0,0
federar,tr,0,0
felicitar,tr,0,intr
festejar,tr,0,0
fiar,0,di,intr
fichar,tr,0,0
figurar,0,0,intr
fijar,tr,0,intr
filmar,tr,0,0
filtrar,tr,0,intr
finalizar,tr,0,intr
financiar,tr,0,0
fingir,tr,0,0
finiquitar,tr,0,0
firmar,tr,0,intr
fiscalizar,tr,0,0
flagelar,tr,0,0
fletar,tr,0,0
flexibilizar,tr,0,0
flexionar,tr,0,0
florecer,0,0,intr
flotar,0,0,intr
fluctuar,0,0,intr
fluir,0,0,intr
fomentar,tr,0,0
forcejear,0,0,intr
forjar,tr,0,0
formalizar,tr,0,0
formar,tr,0,0
formar_parte,0,0,intr
formular,tr,0,0
fornicar,0,0,intr
fortalecer,tr,0,0
forzar,tr,di,0
fotografiar,tr,0,0
fracasar,tr,0,intr
fracturar,tr,0,0
fragmentar,tr,0,0
fraguar,tr,0,0
frecuentar,tr,0,intr
fregar,tr,0,0
freír,tr,0,0
frenar,tr,0,0
frotar,tr,0,0
fructificar,0,0,intr
fruncir,tr,0,0
frustrar,tr,0,0
fugarse,0,0,intr
fulminar,tr,0,0
fumar,tr,0,0
funcionar,0,0,intr
fundamentar,tr,0,0
fundar,tr,0,0
fundir,tr,0,0
fusilar,tr,0,0
fusionar,tr,0,0
galardonar,tr,0,0
gallear,0,0,intr
galopar,0,0,intr
ganar,tr,0,intr
garabatear,tr,0,0
garantizar,tr,0,0
gastar,tr,0,0
gemir,0,0,intr
generalizar,tr,0,0
generar,tr,0,0
gestar,0,0,intr
gestionar,tr,0,0
girar,tr,0,intr
globalizar,tr,0,0
glorificar,tr,0,0
gobernar,tr,0,0
golear,tr,0,0
golpear,tr,0,0
gotear,0,0,intr
gozar,tr,0,intr
grabar,tr,0,0
graduar,tr,0,0
granjear,tr,0,0
gravar,tr,0,0
gravitar,0,0,intr
gritar,0,di,intr
guardar,tr,0,0
guarnir,tr,0,0
guiar,tr,0,0
guiñar,0,di,0
guisar,tr,0,0
gustar,tr,0,intr
haber,tr,0,0
habilitar,tr,0,0
habitar,tr,0,intr
habituar,tr,0,0
hablar,tr,0,intr
hacer,tr,di,intr
hacer_acto_de_presencia,0,0,intr
hacer_alusión,0,0,intr
hacer_añicos,tr,0,0
hacer_cargo,0,0,intr
hacer_falta,0,0,intr
hacer_frente,0,0,intr
hacer_gala,0,0,intr
hacer_hincapié,0,0,intr
hacer_mención,0,0,intr
hacer_referencia,0,0,intr
hacer_uso,0,0,intr
hacinar,0,0,intr
halagar,tr,0,0
hallar,tr,0,intr
hartar,tr,0,0
helar,0,0,intr
heredar,tr,0,0
herir,tr,0,0
hidratar,tr,0,0
hincar,0,di,0
hinchar,tr,0,intr
hipnotizar,tr,0,0
hipotecar,tr,0,0
hojear,tr,0,0
hollar,tr,0,0
homenajear,tr,0,0
homologar,tr,0,0
honrar,tr,0,0
horadar,tr,0,0
hospedar,0,0,intr
hospitalizar,tr,0,0
hostigar,tr,0,0
huir,0,0,intr
humanizar,tr,0,0
humillar,tr,0,0
hundir,tr,0,intr
hurgar,0,0,intr
idealizar,tr,0,0
idear,tr,0,0
identificar,tr,0,0
ignorar,tr,0,0
igualar,tr,0,0
ilegalizar,tr,0,0
iluminar,tr,0,0
ilusionar,tr,0,0
ilustrar,tr,0,0
imaginar,tr,0,0
imbuir,tr,0,0
imitar,tr,0,0
impactar,0,0,intr
impartir,tr,0,0
impedir,tr,0,intr
imperar,0,0,intr
implantar,tr,0,0
implementar,tr,0,0
implicar,tr,0,0
implorar,tr,0,0
imponer,tr,di,intr
importar,tr,0,0
imposibilitar,tr,0,0
impregnar,tr,0,0
impresionar,tr,0,0
imprimir,tr,0,0
improvisar,tr,0,0
impugnar,tr,0,0
impulsar,tr,0,0
imputar,tr,0,0
inaugurar,tr,0,0
incapacitar,tr,0,0
incautar,0,di,intr
incendiar,tr,0,0
incentivar,tr,0,0
incidir,0,0,intr
incinerar,tr,0,0
incitar,tr,0,0
inclinar,tr,0,intr
incluir,tr,0,0
incoar,tr,0,0
incomodar,tr,0,0
incorporar,tr,0,0
incrementar,tr,0,0
increpar,tr,0,0
incrustar,tr,0,0
incubar,tr,0,0
inculcar,0,di,0
incumplir,tr,0,intr
incurrir,0,0,intr
indagar,tr,0,0
indemnizar,tr,0,0
independizar,tr,0,0
indexar,tr,0,0
indicar,0,di,0
indignar,tr,0,0
individualizar,tr,0,0
inducir,tr,0,0
indultar,tr,0,0
industrializar,tr,0,0
infectar,tr,0,0
inferir,tr,0,0
infiltrar,tr,0,0
inflamar,0,0,intr
inflar,tr,0,0
infligir,0,di,0
influenciar,tr,0,0
influir,tr,0,intr
informar,tr,0,0
informatizar,tr,0,0
infringir,tr,0,0
ingerir,tr,0,0
ingresar,tr,0,intr
inhabilitar,tr,0,0
inhalar,tr,0,0
inhibir,tr,0,0
iniciar,tr,0,intr
injerir,0,0,intr
inmigrar,0,0,intr
inmolar,tr,0,0
inmovilizar,tr,0,0
inmunizar,tr,0,0
inmutar,0,0,intr
innovar,0,0,intr
inquietar,tr,0,0
inquirir,0,di,0
inscribir,tr,0,intr
insertar,tr,0,0
insinuar,0,di,intr
insistir,tr,0,intr
insonorizar,tr,0,0
inspeccionar,tr,0,0
inspirar,tr,0,intr
instalar,tr,0,intr
instar,tr,0,0
instaurar,tr,0,0
instigar,tr,0,0
institucionalizar,tr,0,0
instituir,tr,0,0
instruir,tr,0,0
instrumentar,tr,0,0
insultar,tr,0,0
insurgir,0,0,intr
integrar,tr,0,intr
intensificar,tr,0,0
intentar,tr,0,0
interaccionar,0,0,intr
intercalar,tr,0,0
intercambiar,tr,0,0
interceptar,tr,0,0
interconectar,tr,0,0
interesar,0,0,intr
interferir,tr,0,intr
interiorizar,tr,0,0
intermediar,tr,0,0
internacionalizar,tr,0,0
internar,tr,0,intr
interpelar,tr,0,0
interponer,tr,0,0
interpretar,tr,0,0
interrelacionar,tr,0,0
interrogar,tr,0,0
interrumpir,tr,0,intr
intervenir,tr,0,intr
intimidar,tr,0,0
intoxicar,tr,0,0
intrigar,tr,0,0
introducir,tr,0,intr
intuir,tr,0,0
inundar,tr,0,0
invadir,tr,0,0
invalidar,tr,0,0
inventar,tr,0,0
invertir,tr,0,0
investigar,tr,0,intr
investir,tr,0,0
invitar,tr,0,0
invocar,tr,0,0
involucrar,tr,0,0
inyectar,tr,0,0
ionizar,tr,0,0
ir,0,0,intr
ironizar,0,0,intr
irradiar,tr,0,0
irritar,tr,0,0
irrumpir,0,0,intr
ir_a_parar,0,0,intr
izar,tr,0,0
jactar,0,0,intr
jadear,0,0,intr
jalear,tr,0,0
jalonar,tr,0,0
jubilar,tr,0,0
jugar,tr,0,intr
jurar,tr,0,0
justificar,tr,0,0
juzgar,tr,0,0
lactar,tr,0,0
ladrar,0,0,intr
lamentar,tr,0,intr
lamer,tr,0,0
lanzar,tr,0,intr
lanzar_las_campanas_al_vuelo,0,0,intr
largar,tr,0,0
lastimar,tr,0,0
lavar,tr,0,0
leer,tr,0,intr
legalizar,tr,0,0
legar,tr,0,0
legislar,0,0,intr
legitimar,tr,0,0
lesionar,tr,0,0
levantar,tr,0,intr
levitar,0,0,intr
liar,0,0,intr
liberalizar,tr,0,0
liberar,tr,0,0
librar,tr,0,0
licenciar,tr,0,0
licitar,tr,0,0
liderar,tr,0,0
lidiar,0,0,intr
ligar,tr,0,intr
limar,tr,0,0
limitar,tr,0,intr
limpiar,0,di,0
linchar,tr,0,0
lindar,0,0,intr
liquidar,tr,0,0
llamar,tr,0,intr
llegar,0,0,intr
llenar,tr,0,0
llevar,tr,0,intr
llevar_a_cabo,tr,0,0
llevar_a_efecto,tr,0,0
llevar_a_la_práctica,tr,0,0
llevar_camino,0,0,intr
llevar_el_gato_al_agua,0,0,intr
llorar,0,0,intr
llover,0,di,intr
localizar,tr,0,0
lograr,tr,0,0
luchar,0,0,intr
lucir,tr,0,intr
lucubrar,tr,0,0
machacar,tr,0,0
madurar,0,0,intr
magnificar,tr,0,0
maldecir,tr,0,0
malgastar,tr,0,0
malograr,tr,0,0
malpagar,0,di,0
maltratar,tr,0,0
malversar,tr,0,0
malvivir,0,0,intr
manar,tr,0,0
manchar,tr,0,0
mancillar,tr,0,0
mandar,tr,di,0
mandatar,tr,0,0
manejar,tr,0,0
manifestar,0,di,intr
maniobrar,0,0,intr
manipular,tr,0,0
manosear,tr,0,0
mantener,tr,0,intr
maquillar,tr,0,0
marcar,tr,0,0
marchar,0,0,intr
marchitar,0,0,intr
marear,tr,0,0
marginar,tr,0,0
marrar,0,0,intr
martillear,tr,0,0
martirizar,tr,0,0
masacrar,tr,0,0
mascullar,tr,0,0
masificar,tr,0,0
masturbar,tr,0,0
matar,tr,0,0
matar_dos_pájaros_de_un_tiro,0,0,intr
materializar,tr,0,0
matizar,tr,0,0
matricular,tr,0,0
maximizar,tr,0,0
mecanizar,tr,0,0
mediar,tr,0,intr
medir,tr,0,intr
meditar,tr,0,intr
mejorar,tr,0,0
memorizar,tr,0,0
mencionar,tr,0,0
menguar,0,0,intr
menoscabar,tr,0,0
menospreciar,tr,0,0
mentalizar,0,0,intr
mentar,tr,0,0
mentir,tr,0,0
mercadear,0,0,intr
merecer,tr,0,0
mermar,tr,0,0
merodear,tr,0,intr
meter,tr,di,intr
mezclar,tr,0,0
migrar,0,0,intr
militar,0,0,intr
militarizar,tr,0,0
mimetizar,0,0,intr
minar,tr,0,0
minimizar,tr,0,0
minusvalorar,tr,0,0
mirar,tr,0,intr
mistificar,tr,0,0
mitigar,tr,0,0
moderar,tr,0,0
modernizar,tr,0,0
modificar,tr,0,0
modular,tr,0,0
mofarse,0,0,intr
mojar,tr,0,0
moldear,tr,0,0
moler,tr,0,0
molestar,tr,0,intr
monopolizar,tr,0,0
montar,tr,0,intr
moralizar,tr,0,0
morar,0,0,intr
morder,tr,0,0
mordiscar,tr,0,0
morir,tr,0,intr
mortificar,tr,0,0
mostrar,tr,di,intr
motivar,tr,0,0
mover,tr,0,intr
movilizar,tr,0,intr
mudar,tr,0,intr
multar,tr,0,0
multiplicar,tr,0,intr
mundializar,tr,0,0
murmullar,0,0,intr
murmurar,tr,0,0
musitar,tr,0,0
mutilar,tr,0,0
nacionalizar,tr,0,0
nadar,0,0,intr
narrar,0,di,0
naufragar,0,0,intr
navegar,0,0,intr
necesitar,tr,0,intr
negar,tr,0,intr
negligir,tr,0,0
negociar,tr,0,0
neutralizar,tr,0,0
nevar,0,0,intr
nivelar,tr,0,0
nombrar,tr,0,0
nominar,tr,0,0
noquear,tr,0,0
normalizar,tr,0,0
notar,tr,0,intr
notificar,0,di,0
novelar,0,0,intr
nutrir,tr,0,0
obcecar,0,0,intr
obedecer,tr,0,intr
objetar,tr,0,0
obligar,tr,0,0
obrar,tr,0,intr
obsequiar,0,di,0
observar,tr,0,0
obsesionar,tr,0,0
obstaculizar,tr,0,0
obstruir,tr,0,0
obtener,tr,0,0
ocasionar,tr,0,0
ocultar,0,di,0
ocupar,tr,di,intr
odiar,tr,0,0
ofender,tr,0,0
ofertar,tr,0,0
oficializar,tr,0,0
oficiar,tr,0,0
ofrecer,tr,di,intr
oír,tr,0,intr
olear,0,0,intr
oler,tr,0,intr
olvidar,tr,0,intr
omitir,tr,0,0
ondear,0,0,intr
operar,tr,0,intr
opinar,tr,0,0
oponer,tr,0,intr
oprimir,tr,0,0
optar,0,0,intr
optimizar,tr,0,0
orbitar,0,0,intr
ordenar,tr,di,0
organizar,tr,0,0
orientar,tr,0,0
originar,tr,0,intr
orillar,tr,0,0
orinar,0,0,intr
ornamentar,tr,0,0
orquestar,tr,0,0
oscilar,0,0,intr
oscurecer,tr,0,0
ostentar,tr,0,0
otear,tr,0,0
otorgar,0,di,0
ovacionar,tr,0,0
oxidar,tr,0,0
pacificar,tr,0,0
pactar,tr,0,0
padecer,tr,0,intr
pagar,tr,di,0
paladear,tr,0,0
paliar,tr,0,0
palpar,tr,0,0
paralizar,tr,0,0
parapetar,tr,0,0
parar,tr,di,intr
parasitar,tr,0,0
parecer,0,0,intr
parir,tr,0,0
parlamentar,tr,0,0
parodiar,tr,0,0
parpadear,0,0,intr
participar,tr,0,intr
partir,0,0,intr
pasar,tr,di,intr
pasear,tr,0,intr
pastar,0,0,intr
pastorear,tr,0,0
patalear,0,0,intr
patentar,tr,0,0
patinar,0,0,intr
patrocinar,tr,0,0
patrullar,tr,0,0
pautar,tr,0,0
peatonalizar,tr,0,0
pecar,0,0,intr
pedalear,0,0,intr
pedir,0,di,0
pegar,tr,0,0
peinar,tr,0,0
pelar,tr,0,0
pelear,tr,0,intr
peligrar,0,0,intr
penalizar,tr,0,0
pender,0,0,intr
penetrar,0,0,intr
pensar,tr,0,intr
percatar,0,0,intr
percibir,tr,0,0
percutir,tr,0,0
perder,tr,di,intr
perdonar,tr,di,0
perdurar,0,0,intr
perecer,0,0,intr
peregrinar,0,0,intr
perfeccionar,tr,0,0
perfilar,tr,0,0
perforar,tr,0,0
perfundir,tr,0,0
perjudicar,tr,0,0
perlar,tr,0,0
permanecer,0,0,intr
permitir,tr,di,0
pernoctar,0,0,intr
perpetrar,tr,0,0
perpetuar,tr,0,0
perseguir,tr,0,0
perseverar,0,0,intr
persistir,0,0,intr
personalizar,tr,0,0
personarse,0,0,intr
personificar,tr,0,0
persuadir,tr,0,0
pertenecer,0,0,intr
pertrechar,tr,0,0
perturbar,tr,0,0
pervertir,tr,0,0
pervivir,0,0,intr
pesar,tr,di,0
pescar,tr,0,0
pestañear,0,0,intr
picar,tr,0,0
pifiar,tr,0,0
pigmentar,0,0,intr
pillar,tr,0,0
pilotar,tr,0,0
pinchar,tr,0,intr
pintar,tr,0,intr
piratear,tr,0,0
pirrarse,0,0,intr
pisar,tr,di,0
pisotear,tr,0,0
pitar,0,di,intr
plagar,tr,0,0
plagiar,tr,0,0
planchar,tr,0,0
planear,tr,0,intr
planificar,tr,0,0
plantar,tr,0,intr
plantear,tr,0,0
plasmar,tr,0,0
plegar,0,0,intr
poblar,tr,0,0
poder,tr,0,intr
polarizar,tr,0,0
polemizar,0,0,intr
polimerizar,0,0,intr
polinizar,tr,0,0
polucionar,tr,0,0
ponchar,tr,0,0
ponderar,tr,0,0
poner,tr,di,intr
poner_de_manifiesto,tr,0,0
poner_de_relieve,tr,0,0
poner_el_grito_en_el_cielo,0,0,intr
poner_en_acción,tr,0,0
poner_en_cuestión,tr,0,0
poner_en_duda,tr,0,0
poner_en_funcionamiento,tr,0,0
poner_en_marcha,tr,0,0
poner_en_práctica,tr,0,0
poner_en_tela_de_juicio,tr,0,0
poner_fin,0,0,intr
pontificar,0,0,intr
popularizar,tr,0,0
portar,tr,0,intr
portear,tr,0,0
posar,0,0,intr
poseer,tr,0,0
posibilitar,tr,0,0
posicionar,tr,0,0
posponer,tr,0,0
postergar,tr,0,0
postular,tr,0,0
potenciar,tr,0,0
practicar,tr,0,0
preceder,tr,0,0
preciar,tr,0,intr
precintar,tr,0,0
precipitar,tr,0,intr
precisar,tr,0,intr
preconcebir,tr,0,0
predecir,tr,0,0
predestinar,0,di,0
predicar,tr,0,0
predisponer,tr,0,0
prefabricar,tr,0,0
preferir,tr,0,0
prefigurar,tr,0,0
pregonar,tr,0,0
preguntar,tr,di,0
preinscribir,tr,0,0
prejubilar,tr,0,0
prejuzgar,tr,0,0
preludiar,tr,0,0
premiar,tr,0,0
prender,tr,di,0
preocupar,tr,0,0
preparar,tr,0,intr
preponderar,0,0,intr
presagiar,tr,0,0
prescindir,0,0,intr
prescribir,tr,0,intr
presenciar,tr,0,0
presentar,tr,di,intr
preservar,tr,0,0
presidir,tr,0,0
presionar,tr,0,0
prestar,tr,di,intr
prestigiar,tr,0,0
presumir,0,0,intr
presuponer,tr,0,0
presupuestar,tr,0,0
pretender,tr,0,0
prevalecer,0,0,intr
prevaler,0,0,intr
prevenir,tr,0,0
prever,tr,0,0
primar,tr,0,intr
priorizar,tr,0,0
privar,tr,0,intr
privatizar,tr,0,0
privilegiar,tr,0,0
probar,tr,0,0
proceder,0,0,intr
procesar,tr,0,0
proclamar,tr,0,0
procurar,tr,0,0
prodigar,tr,0,0
producir,tr,0,intr
proferir,tr,0,0
profesar,tr,0,0
profesionalizar,tr,0,0
profetizar,tr,0,0
profundizar,0,0,intr
programar,tr,0,0
progresar,0,0,intr
prohibir,0,di,0
proliferar,0,0,intr
prologar,tr,0,0
prolongar,tr,0,0
prometer,tr,0,0
promocionar,tr,0,0
promover,tr,0,0
promulgar,tr,0,0
pronosticar,tr,0,0
pronunciar,tr,0,intr
propagar,0,0,intr
propender,0,0,intr
propiciar,tr,0,0
propinar,0,di,0
proponer,0,di,0
proporcionar,0,di,0
propugnar,tr,0,0
propulsar,tr,0,0
proscribir,tr,0,0
proseguir,tr,0,intr
prosperar,0,0,intr
prostituir,0,0,intr
protagonizar,tr,0,0
proteger,tr,0,0
protestar,0,0,intr
proveer,tr,0,0
provenir,0,0,intr
providenciar,tr,0,0
provisionar,tr,0,0
provocar,tr,di,0
proyectar,tr,0,0
publicar,tr,0,0
publicitar,tr,0,0
pudrir,0,0,intr
pugnar,0,0,intr
pujar,0,0,intr
pulir,tr,0,0
pulsar,tr,0,0
pulverizar,tr,0,0
puntear,tr,0,0
puntualizar,tr,0,0
puntuar,tr,0,0
purgar,tr,0,0
purificar,tr,0,0
quebrantar,tr,0,0
quebrar,tr,0,intr
quedar,0,0,intr
quejar,0,0,intr
quemar,0,di,0
querellarse,0,0,intr
querer,tr,0,0
querer_decir,tr,0,0
quitar,0,di,0
racionalizar,tr,0,0
radicalizar,tr,0,0
radicar,0,0,intr
rajar,tr,0,0
ralentizar,tr,0,0
ramonear,0,0,intr
raptar,tr,0,0
rascar,tr,0,0
rasgar,tr,0,intr
rastrear,tr,0,0
ratificar,tr,0,intr
rayar,tr,0,0
razonar,tr,0,0
reabrir,tr,0,0
reaccionar,tr,0,intr
reactivar,tr,0,0
reafirmar,tr,0,intr
reajustar,tr,0,0
realizar,tr,0,0
reanimar,tr,0,0
reanudar,tr,0,0
reaparecer,0,0,intr
reaprender,0,0,intr
reaprovechar,tr,0,0
rearmar,tr,0,0
reavivar,tr,0,0
rebajar,tr,0,intr
rebasar,tr,0,0
rebatir,tr,0,0
rebelarse,0,0,intr
rebotar,0,0,intr
rebotear,0,0,intr
recabar,tr,0,0
recadar,tr,0,0
recaer,0,0,intr
recalcar,tr,0,0
recalentar,tr,0,0
recalificar,tr,0,0
recapacitar,0,0,intr
recaudar,tr,0,0
recelar,0,0,intr
recetar,0,di,0
rechazar,tr,0,0
recibir,tr,0,0
reciclar,tr,0,intr
recitar,tr,0,0
reclamar,0,di,0
reclutar,tr,0,0
recobrar,tr,0,0
recoger,tr,0,intr
recolectar,tr,0,0
recolocar,0,di,0
recomendar,0,di,0
recompensar,tr,0,0
recomponer,tr,0,0
recomprar,tr,0,0
reconciliar,tr,0,0
reconducir,tr,0,0
reconfortar,tr,0,0
reconocer,tr,0,intr
reconquistar,tr,0,0
reconsiderar,tr,0,0
reconstruir,tr,0,0
recontar,tr,0,0
reconvertir,tr,0,0
recopilar,tr,0,0
recordar,tr,di,0
recorrer,tr,0,0
recortar,tr,0,0
recrear,tr,0,0
recriminar,0,di,0
recrudecer,0,0,intr
rectificar,tr,0,0
recubrir,tr,0,0
recuperar,tr,0,intr
recurrir,tr,0,intr
recusar,tr,0,0
redactar,tr,0,0
redimir,tr,0,0
redistribuir,tr,0,0
redondear,tr,0,0
reducir,tr,0,intr
reeditar,tr,0,0
reelaborar,tr,0,0
reelegir,tr,0,0
reemplazar,tr,0,0
reencontrar,tr,0,intr
reescribir,tr,0,0
reestrenar,tr,0,0
reestructurar,tr,0,0
reexaminar,tr,0,0
referir,tr,0,intr
refinar,tr,0,0
reflejar,tr,0,intr
reflexionar,0,0,intr
reflotar,tr,0,0
reformar,tr,0,0
reforzar,tr,0,0
refrenar,tr,0,0
refrendar,tr,0,0
refrescar,tr,0,0
refrigerar,tr,0,0
refrotar,tr,0,0
refugiar,0,0,intr
regalar,0,di,0
regañar,tr,0,0
regar,tr,0,0
regatear,0,0,intr
regenerar,tr,0,0
regentar,tr,0,0
regir,tr,0,0
registrar,tr,0,0
reglamentar,0,0,intr
regocijar,0,0,intr
regrabar,tr,0,0
regresar,0,0,intr
regular,tr,0,0
regularizar,tr,0,0
rehabilitar,tr,0,0
rehacer,0,0,intr
rehuir,tr,0,0
rehusar,tr,0,0
reinar,0,0,intr
reincidir,0,0,intr
reincorporar,0,0,intr
reingresar,0,0,intr
reiniciar,tr,0,0
reintegrar,tr,0,0
reír,0,0,intr
reiterar,tr,0,0
reivindicar,tr,0,intr
rejonear,0,0,intr
rejuvenecer,tr,0,0
relacionar,tr,0,0
relajar,tr,0,0
relanzar,tr,0,0
relatar,0,di,0
relativizar,tr,0,0
releer,tr,0,0
relegar,tr,0,0
relevar,tr,0,0
rellenar,tr,0,0
relucir,0,0,intr
remachar,tr,0,0
remarcar,tr,0,0
rematar,tr,0,0
remedar,tr,0,0
remediar,tr,0,0
rememorar,tr,0,0
remirar,tr,0,0
remitir,tr,di,intr
remodelar,tr,0,0
remolcar,tr,0,0
remontar,tr,0,intr
remover,tr,0,0
remunerar,tr,0,0
renacer,0,0,intr
rendir,tr,di,intr
renegar,0,0,intr
renegociar,tr,0,0
reñir,0,0,intr
renovar,tr,0,0
rentabilizar,tr,0,0
renunciar,0,0,intr
reordenar,tr,0,0
reorganizar,tr,0,0
reorientar,tr,0,0
reparar,tr,0,intr
repartir,tr,0,0
repasar,tr,0,0
repatriar,tr,0,0
repeler,tr,0,0
repercutir,tr,0,intr
repescar,tr,0,0
repetir,tr,0,0
replantar,tr,0,0
replantear,tr,0,0
replegar,tr,0,0
replicar,0,di,0
repoblar,tr,0,0
reponer,tr,0,intr
reportar,tr,0,0
reposar,0,0,intr
repostar,tr,0,0
reprender,tr,0,0
represaliar,tr,0,0
representar,tr,0,0
reprimir,tr,0,0
reprobar,tr,0,0
reprochar,0,di,0
reproducir,tr,0,intr
repudiar,tr,0,0
repulsar,tr,0,0
repuntar,0,0,intr
reputar,tr,0,0
requerir,tr,0,intr
resaltar,tr,0,intr
resarcir,tr,0,0
resbalar,0,0,intr
rescatar,tr,0,0
rescindir,tr,0,0
reseñar,tr,0,0
resentirse,0,0,intr
reservar,tr,0,intr
resguardar,tr,0,0
residir,0,0,intr
resignar,0,0,intr
resistir,tr,0,intr
resolver,tr,0,0
resonar,0,0,intr
resoplar,0,0,intr
respaldar,tr,0,0
respectar,tr,0,0
respetar,tr,0,0
respirar,0,0,intr
responder,tr,di,intr
responsabilizar,tr,0,0
resquebrajar,tr,0,0
restablecer,tr,0,0
restar,0,di,intr
restaurar,tr,0,0
restituir,tr,0,0
restregar,tr,0,0
restringir,tr,0,0
resucitar,tr,0,0
resultar,tr,0,intr
resumir,tr,0,0
resurgir,0,0,intr
retar,tr,0,0
retener,tr,0,0
retirar,tr,0,0
retocar,tr,0,0
retomar,tr,0,0
retorcer,0,0,intr
retornar,0,0,intr
retozar,0,0,intr
retransmitir,tr,0,0
retrasar,tr,0,0
retratar,tr,0,0
retribuir,0,di,0
retroceder,tr,0,intr
reubicar,tr,0,0
reunificar,tr,0,0
reunir,tr,0,intr
reutilizar,tr,0,0
revalidar,tr,0,0
revalorizar,tr,0,0
revelar,tr,0,intr
reventar,tr,0,intr
reverberar,0,0,intr
reverdecer,tr,0,0
revertir,tr,0,0
revestir,tr,0,0
revisar,tr,0,0
revitalizar,tr,0,0
revocar,tr,0,0
revolcar,tr,0,0
revolotear,0,0,intr
revolucionar,tr,0,0
revolver,tr,0,0
rezar,tr,0,0
ribetear,tr,0,0
ridiculizar,tr,0,0
rifar,tr,0,0
rimar,0,0,intr
rivalizar,0,0,intr
robar,0,di,0
robustecer,tr,0,0
rociar,tr,0,0
rodar,tr,0,intr
rodear,tr,0,intr
rogar,0,di,0
romper,tr,di,intr
rondar,tr,0,0
rotar,0,0,intr
rotular,tr,0,0
rozar,tr,0,0
rubricar,tr,0,0
rugir,0,0,intr
ruinar,tr,0,0
saber,tr,di,intr
saborear,tr,0,0
sabotear,tr,0,0
sacar,tr,di,0
sacarla_barata,0,0,intr
sacar_adelante,tr,0,0
sacar_a_colación,tr,0,0
saciar,tr,0,0
sacrificar,tr,0,0
sacudir,tr,0,0
saldar,tr,0,0
salir,0,0,intr
salir_al_paso,0,0,intr
salpicar,0,0,intr
saltar,tr,0,intr
saludar,tr,0,0
salvaguardar,tr,0,0
salvar,tr,0,0
sanar,0,0,intr
sancionar,tr,0,0
sanear,tr,0,0
sangrar,tr,0,0
santificar,tr,0,0
saquear,tr,0,0
satanizar,tr,0,0
satisfacer,tr,0,0
saturar,tr,0,0
secar,tr,0,0
seccionar,0,0,intr
secuestrar,tr,0,0
secundar,tr,0,0
sedar,tr,0,0
seducir,tr,0,0
segregar,tr,0,0
seguir,tr,0,intr
seleccionar,tr,0,0
sellar,tr,0,0
sembrar,tr,0,0
señalar,tr,0,0
señalizar,tr,0,0
sensibilizar,tr,0,0
sentar,tr,0,0
sentenciar,tr,0,0
sentir,tr,0,intr
separar,tr,0,0
sepultar,tr,0,0
ser,0,0,intr
sermonear,tr,0,0
serpentear,0,0,intr
servir,0,di,0
significar,tr,0,intr
silbar,tr,0,0
silenciar,tr,0,0
simbolizar,tr,0,0
simplificar,tr,0,0
simultanear,tr,0,0
sindicar,tr,0,0
sintetizar,tr,0,0
sintonizar,0,0,intr
sisear,0,0,intr
sistematizar,tr,0,0
situar,tr,0,0
sobar,tr,0,0
sobornar,tr,0,0
sobrar,0,0,intr
sobreandar,0,0,intr
sobredimensionar,tr,0,0
sobreexplotar,tr,0,0
sobrepasar,tr,0,0
sobreponer,0,0,intr
sobresalir,0,0,intr
sobreseer,tr,0,0
sobrevivir,0,0,intr
sobrevolar,tr,0,0
socavar,tr,0,0
socializar,tr,0,0
sofisticar,tr,0,0
sofocar,tr,0,0
solapar,0,0,intr
soldar,tr,0,0
soler,tr,0,0
solicitar,0,di,0
solidarizar,0,0,intr
soliviantar,tr,0,0
sollozar,0,0,intr
soltar,tr,0,0
solucionar,tr,0,0
solventar,tr,0,0
solver,tr,0,0
someter,tr,di,0
sonar,tr,0,intr
soñar,tr,0,intr
sondar,tr,0,0
sondear,tr,0,0
sonreír,0,0,intr
sonrojar,tr,0,0
sopesar,tr,0,0
soplar,0,0,intr
soportar,tr,0,0
sorprender,0,di,0
sortear,tr,0,0
soslayar,tr,0,0
sospechar,tr,0,0
sostener,tr,0,0
soterrar,tr,0,0
suavizar,tr,0,0
subastar,tr,0,0
subcontratar,tr,0,0
subdelegar,tr,0,0
subdesarrollar,0,0,intr
subestimar,tr,0,0
subir,tr,0,intr
sublimar,tr,0,0
subrayar,tr,0,0
subsanar,tr,0,0
subsidiar,tr,0,0
subsistir,0,0,intr
subsumir,tr,0,0
subvencionar,tr,0,0
subvertir,tr,0,0
subyacer,0,0,intr
succionar,tr,0,0
sucumbir,0,0,intr
sudar,0,0,intr
sufragar,tr,0,0
sufrir,tr,0,intr
sugerir,0,di,0
suicidarse,0,0,intr
sujetar,tr,0,intr
sumar,tr,0,intr
sumergir,tr,0,intr
suministrar,0,di,0
sumir,tr,0,0
supeditar,tr,0,0
superar,tr,0,0
superponer,0,0,intr
supervisar,tr,0,0
suplicar,0,di,0
suplir,tr,0,0
suponer,tr,di,0
suprimir,tr,0,0
surcar,tr,0,0
surgir,0,0,intr
surtir,tr,0,0
suscitar,tr,0,0
suscribir,tr,0,0
suspender,tr,0,0
suspirar,0,0,intr
sustentar,tr,0,intr
sustituir,tr,0,0
sustraer,0,di,intr
susurrar,0,di,0
tachar,tr,0,0
talar,tr,0,0
tallar,tr,0,0
tambalear,0,0,intr
tantear,tr,0,0
tapar,tr,0,0
tararear,tr,0,0
tardar,tr,0,0
tasar,tr,0,0
tatarear,tr,0,0
tejer,tr,0,0
telefonear,tr,0,0
televisar,tr,0,0
temblar,0,0,intr
temer,tr,0,0
templar,tr,0,0
tender,tr,0,intr
tener,tr,di,intr
tener_cabida,0,0,intr
tener_en_consideración,tr,0,0
tener_en_cuenta,tr,0,0
tener_lugar,0,0,intr
tener_que_ver,0,0,intr
teñir,tr,0,0
tensionar,tr,0,0
tentar,tr,0,0
tergiversar,tr,0,0
terminar,tr,0,intr
testificar,tr,0,0
testimoniar,tr,0,0
tildar,tr,0,0
tipificar,tr,0,0
tirar,tr,di,intr
tirar_al_monte,0,0,intr
tirotear,tr,0,0
titular,tr,0,intr
tocar,tr,0,intr
tocar_a_rebato,0,0,intr
tolerar,tr,0,0
tomar,tr,di,intr
tomar_contacto,0,0,intr
tomar_en_cuenta,tr,0,0
tomar_parte,0,0,intr
tomar_partido,0,0,intr
topar,0,0,intr
torcer,tr,0,0
torear,0,0,intr
tornar,tr,0,0
torpedear,tr,0,0
torturar,tr,0,0
toser,0,0,intr
totalizar,tr,0,0
trabajar,tr,0,intr
trabar,tr,0,0
traducir,tr,0,intr
traer,tr,di,0
traficar,tr,0,0
tragar,tr,0,0
traicionar,tr,0,0
tramitar,tr,0,0
trampear,0,0,intr
tranquilizar,tr,0,0
transbordar,0,0,intr
transcendentalizar,tr,0,0
transcurrir,0,0,intr
transferir,tr,0,0
transformar,tr,0,0
transfundir,tr,0,0
transigir,0,0,intr
transitar,0,0,intr
transmitir,tr,di,0
transparentar,tr,0,0
transponer,tr,0,0
transportar,tr,0,0
trascender,tr,0,intr
trasladar,tr,di,intr
traslucir,tr,0,0
trasmitir,0,di,0
trasnochar,0,0,intr
traspasar,tr,0,0
trasplantar,tr,0,0
trasponer,tr,0,0
trastocar,tr,0,0
trastornar,tr,0,0
trasvasar,tr,0,0
tratar,tr,0,intr
trazar,tr,0,0
tresanchantar,0,0,intr
triangular,0,0,intr
triar,tr,0,0
tributar,tr,0,0
trincar,0,0,intr
triplicar,tr,0,0
tripular,tr,0,0
triunfar,0,0,intr
tronar,tr,0,0
tropezar,0,0,intr
troquelar,tr,0,0
trotar,0,0,intr
trufar,tr,0,0
truncar,tr,0,0
tumbar,0,0,intr
turbar,tr,0,0
turnar,0,0,intr
tutear,tr,0,0
tutelar,tr,0,0
tutorizar,tr,0,0
ubicar,tr,0,intr
ultimar,tr,0,0
unificar,tr,0,0
unir,tr,0,intr
universalizar,tr,0,0
untar,tr,0,0
urbanizar,tr,0,0
urdir,tr,0,0
urgir,tr,0,0
usar,tr,0,0
utilizar,tr,0,0
vaciar,tr,0,0
vacilar,0,0,intr
valer,tr,di,intr
valer_la_pena,0,0,intr
validar,tr,0,0
vallar,tr,0,0
valorar,tr,0,0
vanagloriar,0,0,intr
vapulear,tr,0,0
varar,tr,0,0
variar,tr,0,0
vaticinar,tr,0,0
vedar,0,di,0
vegetar,0,0,intr
vejar,tr,0,0
velar,0,0,intr
vencer,tr,0,intr
vendar,tr,0,0
vender,0,di,0
venerar,tr,0,0
vengar,0,0,intr
venir,0,0,intr
ventilar,0,0,intr
ver,tr,0,intr
veranear,0,0,intr
verificar,tr,0,0
versionar,tr,0,0
vertebrar,tr,0,0
verter,tr,0,0
vertir,tr,0,0
vestir,tr,0,0
vetar,tr,0,0
viajar,0,0,intr
vibrar,0,0,intr
vigilar,tr,0,0
vincular,tr,0,0
violar,tr,0,0
violentar,tr,0,0
virar,tr,0,0
visionar,tr,0,0
visitar,tr,0,0
vislumbrar,tr,0,0
visualizar,tr,0,0
vitorear,tr,0,0
vituperar,tr,0,0
vivir,tr,0,intr
vociferar,tr,0,0
volar,tr,0,intr
volcar,tr,0,intr
voltear,0,0,intr
volver,tr,0,intr
vomitar,tr,0,0
votar,tr,0,0
vulnerar,tr,0,0
yacer,0,0,intr
zafar,0,0,intr
zanjar,tr,0,0
zarandear,tr,0,0
zarpar,0,0,intr
zozobrar,0,0,intr
zumbar,0,0,intr
zurrar,tr,0,0
